family,license,upstream,designer,copyright,files
42dot Sans,OFL-1.1,ofl/42dotsans,42dot,Copyright 2024 The 42dot Sans Project Authors (https://github.com/42dot/42dot-Sans).,1
ABeeZee,OFL-1.1,ofl/abeezee,Anja Meiners,Copyright 2011 The ABeeZee Project Authors (https://github.com/googlefonts/abeezee) with Reserved Font Name ABeeZee,2
Abel,OFL-1.1,ofl/abel,MADType,"Copyright (c) 2011, Matthew Desmond (http://www.madtype.com | mattdesmond@gmail.com), with Reserved Font Name Abel.",1
Abhaya Libre,OFL-1.1,ofl/abhayalibre,Mooniak,Copyright (c) 1996-2015 Pushpananda Ekanayake (pushpanandae@gmail.com) Copyright (c) 2015 Sol Matas (sol@sonnenshine.com.ar) Copyright (c) 2015 Mooniak (hello@mooniak.com),5
Aboreto,OFL-1.1,ofl/aboreto,Dominik Jáger,Copyright 2022 The Aboreto Project Authors (https://github.com/domija/Aboreto),1
Abril Fatface,OFL-1.1,ofl/abrilfatface,TypeTogether,"Copyright (c) 2011, Copyright (c) 2011, TypeTogether (www.type-together.com info@type-together.com), with Reserved Font Names \""Abril\"" and \""Abril Fatface\""",1
Abyssinica SIL,OFL-1.1,ofl/abyssinicasil,SIL International,Copyright (c) 2000-2024 by SIL Global,1
Acme,OFL-1.1,ofl/acme,"Juan Pablo del Peral, HT Fonts","Copyright (c) 2011 by Juan Pablo del Peral (info@htfonts.com), with Reserved Font Name \""Acme\""",1
Actor,OFL-1.1,ofl/actor,Thomas Junold,"Copyright (c) 2011, Thomas Junold <hallo@buerofueraufmerksamkeit.de>, with Reserved Font Name \""Actor\"".",1
Adamina,OFL-1.1,ofl/adamina,Cyreal,"Copyright (c) 2011, Cyreal (www.cyreal.org) with Reserved Font Name \'Adamina\'",1
ADLaM Display,OFL-1.1,ofl/adlamdisplay,"Mark Jamra, Neil Patel, Andrew Footit",Copyright (c) 2022 by Microsoft. All rights reserved.,1
Adobe Blank,OFL-1.1,ofl/adobeblank,Dr. Ken Lunde,"Copyright  2013, 2015 Adobe Systems Incorporated (http://www.adobe.com/).",1
Advent Pro,OFL-1.1,ofl/adventpro,VivaRado,Copyright 2018 The Advent Pro Project Authors (https://github.com/googlefonts/Advent),2
Afacad,OFL-1.1,ofl/afacad,"Kristian Möller, Dicotype",Copyright 2023 The Afacad Project Authors (https://github.com/Dicotype/Afacad),2
Afacad Flux,OFL-1.1,ofl/afacadflux,"Kristian Möller, Dicotype",Copyright 2023 The Afacad Project Authors (https://github.com/Dicotype/Afacad),1
Agbalumo,OFL-1.1,ofl/agbalumo,"Raphael Alẹ́gbẹ́lẹ́yẹ̀, Sorkin Type, Eben Sorkin",Copyright 2023 The Agbalumo Project Authors (https://github.com/SorkinType/Agbalumo),1
Agdasima,OFL-1.1,ofl/agdasima,"The DocRepair Project, Patric King",Copyright 2023 The Agdasima Project Authors (https://github.com/docrepair-fonts/agdasima-fonts).,2
Aguafina Script,OFL-1.1,ofl/aguafinascript,Sudtipos,"Copyright (c) 2007 Angel Koziupa (sudtipos@sudtipos.com), Copyright (c) 2007 Alejandro Paul (sudtipos@sudtipos.com), with Reserved Font Name \""Aguafina Script\""",1
Agu Display,OFL-1.1,ofl/agudisplay,Seun Badejo,Copyright 2024 The Agu Display Project Authors (https://github.com/theseunbadejo/Agu-Display),1
Akatab,OFL-1.1,ofl/akatab,SIL International,"Copyright (c) 2010-2025, SIL Global (https://scripts.sil.org), with Reserved Font Name \""Akatab\"", copyright 2010-2019 Adobe (http://www.adobe.com/), with Reserved Font Name \""Source\"" (Latin glyphs).",6
Akaya Kanadaka,OFL-1.1,ofl/akayakanadaka,"Vaishnavi Murthy, Juan Luis Blanco",Copyright 2015 The Akaya Kanadaka Project Authors (https://github.com/vaishnavimurthy/Akaya-Kanadaka),1
Akaya Telivigala,OFL-1.1,ofl/akayatelivigala,"Vaishnavi Murthy, Juan Luis Blanco",Copyright 2015 The Akaya Telivigala Project Authors (https://github.com/vaishnavimurthy/Akaya-Telivigala),1
Akronim,OFL-1.1,ofl/akronim,Grzegorz Klimczewski,"Copyright (c) 2012 Grzegorz Klimczewski, Fonty.PL (www.fonty.pl), with Reserved Font Name \'Akronim\'",1
aksarabaligalang,OFL-1.1,ofl/aksarabaligalang,,"Copyright (c) 2008-2012, Bemby Bantara Narendra (bembybantara@gmail.com), Copyright (c) 2008-2012, I Madé Suatjana (62-361-427520)",1
Akshar,OFL-1.1,ofl/akshar,Tall Chai,Copyright 2026 The Akshar Type Project Authors (https://github.com/tallchai/akshar-type),1
Akt,OFL-1.1,ofl/akt,Dmitry Grenev,Copyright 2024 The Akt Project Authors (https://github.com/dimgrenev/akt),1
Aladin,OFL-1.1,ofl/aladin,Sudtipos,"Copyright (c) 2009 Angel Koziupa (sudtipos@sudtipos.com), Copyright (c) 2009 Alejandro Paul (sudtipos@sudtipos.com), with Reserved Font Name \""Aladin\""",1
Alan Sans,OFL-1.1,ofl/alansans,"Raphaël Ronot, Samar Zureik",Copyright 2025 The Alan Sans Project Authors (https://github.com/alan-eu/Alan-Sans),1
Alata,OFL-1.1,ofl/alata,"Spyros Zevelakis, Eben Sorkin",Copyright 2019 The Alata Project Authors (https://github.com/SorkinType/Alata),1
Alatsi,OFL-1.1,ofl/alatsi,"Spyros Zevelakis, Eben Sorkin",Copyright 2019 The Alatsi Project Authors (https://github.com/SorkinType/Alatsi),1
Albert Sans,OFL-1.1,ofl/albertsans,Andreas Rasmussen,Copyright 2021 The Albert Sans Project Authors (https://github.com/usted/Albert-Sans),2
Aldrich,OFL-1.1,ofl/aldrich,MADType,"Copyright (c) Matthew Desmond, 2011. All rights reserved.",1
Alef,OFL-1.1,ofl/alef,"Hagilda, Mushon Zer-Aviv",Copyright (c) 2012 by Hagilda. All rights reserved.,2
Alegreya,OFL-1.1,ofl/alegreya,"Juan Pablo del Peral, HT Fonts",Copyright 2011 The Alegreya Project Authors (https://github.com/huertatipografica/Alegreya),2
Alegreya Sans,OFL-1.1,ofl/alegreyasans,"Juan Pablo del Peral, HT Fonts",Copyright 2013 The Alegreya Sans Project Authors (https://github.com/huertatipografica/Alegreya-Sans),14
Alegreya Sans SC,OFL-1.1,ofl/alegreyasanssc,"Juan Pablo del Peral, HT Fonts",Copyright 2013 The Alegreya Sans Project Authors (https://github.com/huertatipografica/Alegreya-Sans),14
Alegreya SC,OFL-1.1,ofl/alegreyasc,"Juan Pablo del Peral, HT Fonts",Copyright 2011 The Alegreya Project Authors (https://github.com/huertatipografica/Alegreya),10
Aleo,OFL-1.1,ofl/aleo,Alessio Laiso,Copyright 2013 The Aleo Project Authors (https://github.com/AlessioLaiso/aleo),2
Alexandria,OFL-1.1,ofl/alexandria,"Mohamed Gaber, Julieta Ulanovsky",Copyright 2022 The Alexandria Project Authors (https://github.com/Gue3bara/Alexandria),1
Alex Brush,OFL-1.1,ofl/alexbrush,Robert Leuschke,Copyright 2011 The Alex Brush Project Authors (https://github.com/googlefonts/alex-brush),1
Alfa Slab One,OFL-1.1,ofl/alfaslabone,JM Solé,"Copyright 2016 The Alfa Slab One Project Authors (http://www.jmsole.cl | info@jmsole.cl), with Reserved Font Name \""Alfa Slab\"".",1
Alice,OFL-1.1,ofl/alice,"Ksenya Erulevich, Cyreal",Copyright 2011 The Alice Project Authors (https://github.com/cyrealtype/Alice),1
Alien Block,OFL-1.1,ofl/alienblock,Kensuke Uchida,Copyright 2025 The Alien Block Project Authors (https://github.com/koci-design/AlienBlock),1
Alike,OFL-1.1,ofl/alike,"Sveta Sebyakina, Cyreal","Copyright 2009 The Alike Project Authors (https://github.com/cyrealtype/Alike) with Reserved Font Name \""Alike\"" and \""Alike Angular\"".",1
Alike Angular,OFL-1.1,ofl/alikeangular,"Sveta Sebyakina, Cyreal","Copyright 2009 The Alike Angular Project Authors (https://github.com/cyrealtype/Alike-Angular) with Reserved Font Name \""Alike\"" and \""Alike Angular\"".",1
Alkalami,OFL-1.1,ofl/alkalami,SIL International,"Copyright (c) SIL International, 2015-2023",1
Alkatra,OFL-1.1,ofl/alkatra,Suman Bhandary,Copyright 2022 The Alkatra Project Authors (https://github.com/suman51284/Alkatra),1
Allan,OFL-1.1,ofl/allan,Anton Koovit,"Copyright (c) 2010-2012, Anton Koovit (anton@fatype.com), with Reserved Font Name \'Allan\'",2
Allerta,OFL-1.1,ofl/allerta,Matt McInerney,"Copyright (c) 2009, Matt McInerney <matt@pixelspread.com>",1
Allerta Stencil,OFL-1.1,ofl/allertastencil,Matt McInerney,"Copyright (c) 2009, Matt McInerney <matt@pixelspread.com> with Reserved Font Name Allerta.",1
Allison,OFL-1.1,ofl/allison,Robert Leuschke,Copyright 2020 The Allison Project Authors (https://github.com/googlefonts/allison),1
Allkin,OFL-1.1,ofl/allkin,Monotype Imaging Inc.,"Copyright 2025 The Allkin Project Authors (https://github.com/googlefonts/allkin), with Reserved Font Name \""Allkin\"".",1
Allura,OFL-1.1,ofl/allura,Robert Leuschke,Copyright 2010 The Allura Project Authors (https://github.com/googlefonts/allura),1
Almarai,OFL-1.1,ofl/almarai,"Boutros Fonts, Mourad Boutros",Copyright (c) 2019 by Almarai. All rights reserved.,4
Almendra,OFL-1.1,ofl/almendra,Ana Sanfelippo,"Copyright (c) 2011-2012, Ana Sanfelippo (anasanfe@gmail.com), with Reserved Font Name \'Almendra\'",4
Almendra Display,OFL-1.1,ofl/almendradisplay,Ana Sanfelippo,"Copyright (c) 2011-2012, Ana Sanfelippo (anasanfe@gmail.com), with Reserved Font Name \'Almendra\'",1
Almendra SC,OFL-1.1,ofl/almendrasc,Ana Sanfelippo,"Copyright (c) 2011 by Ana Sanfelippo (anasanfe@gmail.com). Reserved Font Names \""Almendra\"" \""Almendra SC\""",1
Alumni Sans,OFL-1.1,ofl/alumnisans,Robert Leuschke,Copyright 2015 The Alumni Sans Project Authors (https://github.com/googlefonts/alumni),2
Alumni Sans Collegiate One,OFL-1.1,ofl/alumnisanscollegiateone,Robert Leuschke,Copyright 2014 The Alumni Sans Collegiate Project Authors (https://github.com/googlefonts/alumni-sans-collegiate),2
Alumni Sans Collegiate One SC,OFL-1.1,ofl/alumnisanscollegiateonesc,Robert Leuschke,Copyright 2014 The Alumni Sans Collegiate Project Authors (https://github.com/googlefonts/alumni-sans-collegiate),2
Alumni Sans Inline One,OFL-1.1,ofl/alumnisansinlineone,Robert Leuschke,Copyright 2014 The Alumni Sans Inline Project Authors (https://github.com/googlefonts/alumni-sans-inline),2
Alumni Sans Pinstripe,OFL-1.1,ofl/alumnisanspinstripe,Robert Leuschke,Copyright 2014 The Alumni Sans Pinstripe Project Authors (https://github.com/googlefonts/alumni-sans-pinstripe),2
Alumni Sans SC,OFL-1.1,ofl/alumnisanssc,Robert Leuschke,Copyright 2015 The Alumni Sans Project Authors (https://github.com/googlefonts/alumni),2
Alyamama,OFL-1.1,ofl/alyamama,Yazeed Omar,Copyright 2025 The Alyamama Project Authors (https://github.com/Mestaratype/AlYamama),1
Amarante,OFL-1.1,ofl/amarante,Karolina Lach,"Copyright (c) 2011, Sorkin Type Co (www.sorkintype.com eben@eyebytes.com) with Reserved Font Name \""Amarante\"".",1
Amaranth,OFL-1.1,ofl/amaranth,Gesine Todt,Copyright 2016 The Amaranth Project Authors (https://github.com/googlefonts/amaranth),4
Amarna,OFL-1.1,ofl/amarna,Ishtār van Looy,Copyright 2025 The Amarna Project Authors (https://github.com/ijvanl/Amarna),2
Amatic SC,OFL-1.1,ofl/amaticsc,"Vernon Adams, Ben Nathan, Thomas Jockin",Copyright 2015 The Amatic SC Project Authors (https://github.com/googlefonts/AmaticSC),2
Amethysta,OFL-1.1,ofl/amethysta,Cyreal,"Copyright (c) 2011, Cyreal (www.cyreal.org) with Reserved Font Name \""Amethysta\"".  This Font Software is licensed under the SIL Open Font License, Version 1.1. This license is available with a FAQ at: http://scripts.sil.org/OFL",1
Amiko,OFL-1.1,ofl/amiko,Impallari Type,"Copyright (c) 2014, Impallari Type (www.impallari.com).",3
Amiri,OFL-1.1,ofl/amiri,"Khaled Hosny, Sebastian Kosch",Copyright 2010-2022 The Amiri Project Authors (https://github.com/aliftype/amiri).,4
Amiri Quran,OFL-1.1,ofl/amiriquran,"Khaled Hosny, Sebastian Kosch",Copyright 2010-2022 The Amiri Project Authors (https://github.com/aliftype/amiri).,1
Amita,OFL-1.1,ofl/amita,"Eduardo Tunni, Brian Bonislawsky","Copyright (c) 2014, Eduardo Rodriguez Tunni. Copyright (c) 2000, Modular Infotech, Pune, INDIA. All rights reserved. Copyright (c) 2011 by Brian J. Bonislawsky DBA Astigmatic (AOETI) (astigma@astigmatic.com). All rights reserved.",2
amstelvaralpha,OFL-1.1,ofl/amstelvaralpha,,Copyright 2016 The Amstelvar Project Authors (info@fontbureau.com),1
Anaheim,OFL-1.1,ofl/anaheim,Vernon Adams,Copyright 2012 The Anaheim Project Authors (https://github.com/googlefonts/anaheimFont),1
Ancizar Sans,OFL-1.1,ofl/ancizarsans,"Universidad Nacional de Colombia (UNAL), César Puertas, Viviana Monsalve, Julián Moncada",Copyright 2014 The Ancizar Sans Project Authors (https://github.com/UNAL-OMD/UNAL-Ancizar),2
Ancizar Serif,OFL-1.1,ofl/ancizarserif,"Universidad Nacional de Colombia (UNAL), César Puertas, Viviana Monsalve, Julián Moncada",Copyright 2014 The Ancizar Serif Project Authors (https://github.com/UNAL-OMD/UNAL-Ancizar),2
Andada Pro,OFL-1.1,ofl/andadapro,"HT Fonts, Carolina Giovagnoli",Copyright 2011 The Andada Pro Project Authors (https://github.com/huertatipografica/Andada),2
Andika,OFL-1.1,ofl/andika,SIL International,Copyright (c) 2004-2022 SIL International,4
Anek Bangla,OFL-1.1,ofl/anekbangla,Ek Type,Copyright 2021 The Anek Project Authors (https://github.com/EkType/Anek),1
Anek Devanagari,OFL-1.1,ofl/anekdevanagari,Ek Type,Copyright 2021 The Anek Project Authors (https://github.com/EkType/Anek),1
Anek Gujarati,OFL-1.1,ofl/anekgujarati,Ek Type,Copyright 2021 The Anek Project Authors (https://github.com/EkType/Anek),1
Anek Gurmukhi,OFL-1.1,ofl/anekgurmukhi,Ek Type,Copyright 2021 The Anek Project Authors (https://github.com/EkType/Anek),1
Anek Kannada,OFL-1.1,ofl/anekkannada,Ek Type,Copyright 2021 The Anek Project Authors (https://github.com/EkType/Anek),1
Anek Latin,OFL-1.1,ofl/aneklatin,Ek Type,Copyright 2021 The Anek Project Authors (https://github.com/EkType/Anek),1
Anek Malayalam,OFL-1.1,ofl/anekmalayalam,Ek Type,Copyright 2021 The Anek Project Authors (https://github.com/EkType/Anek),1
Anek Odia,OFL-1.1,ofl/anekodia,Ek Type,Copyright 2021 The Anek Project Authors (https://github.com/EkType/Anek),1
Anek Tamil,OFL-1.1,ofl/anektamil,Ek Type,Copyright 2021 The Anek Project Authors (https://github.com/EkType/Anek),1
Anek Telugu,OFL-1.1,ofl/anektelugu,Ek Type,Copyright 2021 The Anek Project Authors (https://github.com/EkType/Anek),1
Angkor,OFL-1.1,ofl/angkor,Danh Hong,Copyright 2020 The Angkor Project Authors (https://github.com/danhhong/Angkor),1
Annapurna SIL,OFL-1.1,ofl/annapurnasil,SIL International,Copyright (c) 2007-2023 by SIL International,2
Annie Use Your Telescope,OFL-1.1,ofl/annieuseyourtelescope,Kimberly Geswein,"Copyright (c) 2010, Kimberly Geswein (kimberlygeswein.com)",1
Anonymous Pro,OFL-1.1,ofl/anonymouspro,Mark Simonson,Copyright (c) Mark Simonson 2009-2010. All rights reserved.,4
Anta,OFL-1.1,ofl/anta,Sergej Lebedev,Copyright 2019 The Anta Project Authors (https://github.com/Typedesigners/Anta-Regular),1
Antic,OFL-1.1,ofl/antic,Santiago Orozco,"Copyright (c) 2010, 2011, Santiago Orozco <hi@typemade.mx>, with Reserved Font Name \""Antic\""",1
Antic Didone,OFL-1.1,ofl/anticdidone,Santiago Orozco,"Copyright (c) 2011, Santiago Orozco (hi@typemade.mx), with Reserved Font Name Antic Didone.",1
Antic Slab,OFL-1.1,ofl/anticslab,Santiago Orozco,Copyright (c) 2011 by Santiago Orozco(hi@typemade.mx) with reserved name Antic Slab,1
Anton,OFL-1.1,ofl/anton,Vernon Adams,Copyright 2020 The Anton Project Authors (https://github.com/googlefonts/AntonFont.git),1
Antonio,OFL-1.1,ofl/antonio,Vernon Adams,Copyright 2013 The Antonio Project Authors (https://github.com/googlefonts/antonioFont),1
Anton SC,OFL-1.1,ofl/antonsc,Vernon Adams,Copyright 2020 The Anton Project Authors (https://github.com/googlefonts/AntonFont.git),1
Anuphan,OFL-1.1,ofl/anuphan,Cadson Demak,Copyright 2019 The Anuphan Project Authors (https://github.com/cadsondemak/Anuphan),1
Anybody,OFL-1.1,ofl/anybody,Tyler Finck,Copyright 2020 The Anybody Project Authors (https://github.com/Etcetera-Type-Co/Anybody),2
Aoboshi One,OFL-1.1,ofl/aoboshione,Natsumi Matsuba,"Copyright 2020 The Aoboshi Font Project Authors (https://github.com/matsuba723/Aoboshi), all rights reserved.",1
Arapey,OFL-1.1,ofl/arapey,Eduardo Tunni,"Copyright (c) 2011, Eduardo Tunni (http://www.tipo.net.ar edu@tipo.net.ar), with Reserved Font Name \""Arapey\""",2
Arbutus,OFL-1.1,ofl/arbutus,Karolina Lach,"Copyright (c) 2011, Sorkin Type Co (www.sorkintype.com) with Reserved Font Name \""Arbutus\"".  This Font Software is licensed under the SIL Open Font License, Version 1.1. This license is available with a FAQ at: http://scripts.sil.org/OFL",1
Arbutus Slab,OFL-1.1,ofl/arbutusslab,Karolina Lach,Copyright (c) 2012 by Sorkin Type Co.. All rights reserved.,1
Architects Daughter,OFL-1.1,ofl/architectsdaughter,Kimberly Geswein,"Copyright (c) 2010, Kimberly Geswein (kimberlygeswein.com)",1
Archivo,OFL-1.1,ofl/archivo,Omnibus-Type,Copyright 2020 The Archivo Project Authors (https://github.com/Omnibus-Type/Archivo),2
Archivo Black,OFL-1.1,ofl/archivoblack,Omnibus-Type,Copyright 2017 The Archivo Black Project Authors (https://github.com/Omnibus-Type/ArchivoBlack),1
Archivo Narrow,OFL-1.1,ofl/archivonarrow,Omnibus-Type,Copyright 2019 The Archivo Narrow Project Authors (https://github.com/Omnibus-Type/ArchivoNarrow),2
Aref Ruqaa,OFL-1.1,ofl/arefruqaa,"Abdullah Aref, Khaled Hosny, Hermann Zapf","Copyright 2015-2021 The Aref Ruqaa Project Authors (https://github.com/alif-type/aref-ruqaa), with Reserved Font Name EURM10.",2
Aref Ruqaa Ink,OFL-1.1,ofl/arefruqaaink,"Abdullah Aref, Khaled Hosny, Hermann Zapf","Copyright 2015-2022 The Aref Ruqaa Project Authors (https://github.com/aliftype/aref-ruqaa), with Reserved Font Name EURM10.",2
Are You Serious,OFL-1.1,ofl/areyouserious,Robert Leuschke,Copyright 2004 The RU Serius Project Authors (https://github.com/googlefonts/are-you-serious),1
Arima,OFL-1.1,ofl/arima,"Natanael Gama, Joana Correia, Rosalie Wagner",Copyright 2020 The Arima Project Authors (https://github.com/NDISCOVER/Arima-Font),1
Arimo,OFL-1.1,ofl/arimo,Steve Matteson,Copyright 2020 The Arimo Project Authors (https://github.com/googlefonts/arimo),2
Arizonia,OFL-1.1,ofl/arizonia,Robert Leuschke,Copyright 2007-2021 The Arizonia Project Authors (https://github.com/googlefonts/arizonia),1
Armata,OFL-1.1,ofl/armata,Viktoriya Grabowska,"Copyright (c) 2012, Sorkin Type Co (www.sorkintype.com) with Reserved Font Name \""Armata\""  This Font Software is licensed under the SIL Open Font License, Version 1.1. This license is copied below, and is also available with a FAQ at: http://scripts.sil.org/OFL",1
AR One Sans,OFL-1.1,ofl/aronesans,Niteesh Yadav,Copyright 2018 The AR One Project Authors (https://github.com/niteeshy/ar-one-sans),1
Arsenal,OFL-1.1,ofl/arsenal,Andrij Shevchenko,Copyright 2012 The Arsenal Project Authors (andrij.design@gmail.com),4
Arsenal SC,OFL-1.1,ofl/arsenalsc,Andrij Shevchenko,Copyright 2012 The Arsenal Project Authors (andrij.design@gmail.com),4
Artifika,OFL-1.1,ofl/artifika,Cyreal,Copyright 2010 The Artifika Project Authors (https://github.com/cyrealtype/Artifika),1
Arvo,OFL-1.1,ofl/arvo,Anton Koovit,Copyright 2010 Anton Koovit.,4
Arya,OFL-1.1,ofl/arya,Eduardo Tunni,"Copyright (c) 2014, Eduardo Rodriguez Tunni. Copyright (c) 2000, Modular Infotech, Pune, INDIA. All rights reserved.",2
Asap,OFL-1.1,ofl/asap,Omnibus-Type,Copyright 2018 The Asap Project Authors (https://github.com/Omnibus-Type/Asap),2
Asap Condensed,OFL-1.1,ofl/asapcondensed,Omnibus-Type,Copyright 2018 The Asap Project Authors (https://github.com/Omnibus-Type/Asap),16
Asap Sharp,OFL-1.1,ofl/asapsharp,Omnibus-Type,Copyright 2026 The Asap Sharp Project Authors (https://github.com/Omnibus-Type/Asap_Sharp),2
Asar,OFL-1.1,ofl/asar,Sorkin Type,"Copyright (c) 2014-2015, Sorkin Type Co (sorkintype.com | sorkintype@gmail.com). Copyright 2014 Pria Ravichandran (pria.ravichandran@gmail.com)",1
Asimovian,OFL-1.1,ofl/asimovian,Carolina Short,Copyright 2024 The Asimovian Project Authors (https://github.com/carolinashort/asimovian),1
Asset,OFL-1.1,ofl/asset,"Riccardo De Franceschi, Eben Sorkin",Copyright 2023 The Asset Project Authors (https://github.com/SorkinType/Asset),1
Assistant,OFL-1.1,ofl/assistant,"Adobe Systems Inc., Ben Nathan","Copyright 2020 The Assistant Project Authors (https://github.com/hafontia/Assistant). Copyright 2010 The Source Sans Pro Authors (https://github.com/adobe-fonts/source-sans-pro), with Reserved Font Name \'Source\'. Source is a trademark of Adobe Systems Incorporated in the United States and/or other countries.",1
Asta Sans,OFL-1.1,ofl/astasans,42dot,Copyright 2024 The Asta Sans Project Authors (https://github.com/42dot/Asta-Sans).,1
Astloch,OFL-1.1,ofl/astloch,Dan Rhatigan,Copyright 2011 The Astloch Project Authors,2
Asul,OFL-1.1,ofl/asul,Mariela Monsalve,"Copyright (c) 2011, Mariela Monsalve (marmonsalve@gmail.com), with Reserved Font Name \""Asul\""",2
Athiti,OFL-1.1,ofl/athiti,Cadson Demak,"Copyright (c) 2015, Cadson Demak (info@cadsondemak.com)",6
Atkinson Hyperlegible,OFL-1.1,ofl/atkinsonhyperlegible,"Braille Institute, Applied Design Works, Elliott Scott, Megan Eiswerth, Linus Boman, Theodore Petrosky","Copyright 2020 Braille Institute of America, Inc.",4
Atkinson Hyperlegible Mono,OFL-1.1,ofl/atkinsonhyperlegiblemono,"Braille Institute, Applied Design Works, Elliott Scott, Megan Eiswerth, Letters From Sweden",Copyright 2020-2024 The Atkinson Hyperlegible Mono Project Authors (https://github.com/googlefonts/atkinson-hyperlegible-next-mono),2
Atkinson Hyperlegible Next,OFL-1.1,ofl/atkinsonhyperlegiblenext,"Braille Institute, Applied Design Works, Elliott Scott, Megan Eiswerth, Letters From Sweden",Copyright 2020-2024 The Atkinson Hyperlegible Next Project Authors (https://github.com/googlefonts/atkinson-hyperlegible-next),2
Atma,OFL-1.1,ofl/atma,Black Foundry,Copyright 2015 The Atma Project Authors (www.black-foundry.com),5
Atomic Age,OFL-1.1,ofl/atomicage,James Grieshaber,"Copyright (c) 2013 - 2016, Sorkin Type Co (www.sorkintype.com) with Reserved Font Name \'Atomic Age\'.",1
Aubrey,OFL-1.1,ofl/aubrey,Cyreal,Copyright 2011 The Aubrey Project Authors (https://github.com/cyrealtype/Aubrey),1
Audiowide,OFL-1.1,ofl/audiowide,Astigmatic,"Copyright (c) 2012 by Brian J. Bonislawsky DBA Astigmatic (AOETI) (astigma@astigmatic.com), with Reserved Font Name \""Audiowide\""",1
Autour One,OFL-1.1,ofl/autourone,Sorkin Type,"Copyright (c) 2011-2012, Sorkin Type Co (www.sorkintype.com) with Reserved Font Name \'Autour\'",1
Average,OFL-1.1,ofl/average,Eduardo Tunni,Copyright 2012 The Average Project Authors (https://github.com/etunni/average),1
Average Sans,OFL-1.1,ofl/averagesans,Eduardo Tunni,"Copyright (c) 2012, Eduardo Tunni (http://www.tipo.net.ar), with Reserved Font Name \'Average\'",1
Averia Gruesa Libre,OFL-1.1,ofl/averiagruesalibre,Dan Sayers,"Copyright (c) 2011, Dan Sayers (i@iotic.com), with Reserved Font Name \'Averia\' and \'Averia Libre\'.",1
Averia Libre,OFL-1.1,ofl/averialibre,Dan Sayers,"Copyright (c) 2011, Dan Sayers (i@iotic.com), with Reserved Font Name \'Averia\' and \'Averia Libre\'.",6
Averia Sans Libre,OFL-1.1,ofl/averiasanslibre,Dan Sayers,"Copyright (c) 2011, Dan Sayers (i@iotic.com), with Reserved Font Name \'Averia\' and \'Averia Libre\'.",6
Averia Serif Libre,OFL-1.1,ofl/averiaseriflibre,Dan Sayers,"Copyright (c) 2011, Dan Sayers (i@iotic.com), with Reserved Font Name \'Averia\' and \'Averia Libre\'.",6
Azeret Mono,OFL-1.1,ofl/azeretmono,"Displaay, Martin Vácha",Copyright 2021 The Azeret Project Authors (https://github.com/displaay/azeret),2
B612,OFL-1.1,ofl/b612,"Nicolas Chauveau, Thomas Paillot, Jonathan Favre-Lamarine, Jean-Luc Vinot",Copyright 2012 The B612 Project Authors (https://github.com/polarsys/b612),4
B612 Mono,OFL-1.1,ofl/b612mono,"Nicolas Chauveau, Thomas Paillot, Jonathan Favre-Lamarine, Jean-Luc Vinot",Copyright 2012 The B612 Project Authors (https://github.com/polarsys/b612),4
Babylonica,OFL-1.1,ofl/babylonica,Robert Leuschke,Copyright 2010 The Babylonica Project Authors (https://github.com/googlefonts/babylonica),1
Bacasime Antique,OFL-1.1,ofl/bacasimeantique,"The DocRepair Project, Claus Eggers Sørensen","Copyright 2023 The Bacasime Antique Project Authors (https://github.com/docrepair-fonts/bacasime-antique-fonts), with Reserved Font Name \""Playfair\"".",1
Badeen Display,OFL-1.1,ofl/badeendisplay,Hani Alasadi,Copyright 2024 The Badeen Project Authors (https://github.com/haniadnansd/Badeen-Display),1
Bad Script,OFL-1.1,ofl/badscript,Gaslight,Copyright 2011 The Bad Script Project Authors (https://github.com/alexeiva/badscript),1
Bagel Fat One,OFL-1.1,ofl/bagelfatone,"Kyungwon Kim, JAMO",Copyright 2022 The Bagel Fat Project Authors (https://github.com/JAMO-TYPEFACE/BagelFat),1
Bahiana,OFL-1.1,ofl/bahiana,Omnibus-Type,Copyright 2016 The Bahiana Project Authors (omnibus.type@gmail.com),1
Bahianita,OFL-1.1,ofl/bahianita,Omnibus-Type,Copyright 2018 The Bahianita Project Authors (https://github.com/Omnibus-Type/Bahiana/tree/master/Bahianita),1
Bai Jamjuree,OFL-1.1,ofl/baijamjuree,Cadson Demak,Copyright 2018 Bai Jamjuree (https://github.com/cadsondemak/Bai-Jamjuree),12
Bakbak One,OFL-1.1,ofl/bakbakone,"Saumya Kishore, Sanchit Sawaria",Copyright 2021 The Bakbak One Project Authors (https://github.com/googlefonts/bakbak),1
Ballet,OFL-1.1,ofl/ballet,"Omnibus-Type, Maximiliano Sproviero",Copyright 2020 The Ballet Project Authors (https://github.com/Omnibus-Type/Ballet),1
Baloo 2,OFL-1.1,ofl/baloo2,Ek Type,Copyright 2019 The Baloo 2 Project Authors (https://github.com/EkType/Baloo2),1
Baloo Bhai 2,OFL-1.1,ofl/baloobhai2,Ek Type,Copyright 2019 The Baloo 2 Project Authors (https://github.com/EkType/Baloo2),1
Baloo Bhaijaan 2,OFL-1.1,ofl/baloobhaijaan2,Ek Type,Copyright 2019 The Baloo 2 Project Authors (https://github.com/EkType/Baloo2),1
Baloo Bhaina 2,OFL-1.1,ofl/baloobhaina2,Ek Type,Copyright 2019 The Baloo 2 Project Authors (https://github.com/EkType/Baloo2),1
Baloo Chettan 2,OFL-1.1,ofl/baloochettan2,Ek Type,Copyright 2019 The Baloo 2 Project Authors (https://github.com/EkType/Baloo2),1
Baloo Da 2,OFL-1.1,ofl/balooda2,Ek Type,Copyright 2019 The Baloo 2 Project Authors (https://github.com/EkType/Baloo2),1
Baloo Paaji 2,OFL-1.1,ofl/baloopaaji2,Ek Type,Copyright 2019 The Baloo 2 Project Authors (https://github.com/EkType/Baloo2),1
Baloo Tamma 2,OFL-1.1,ofl/balootamma2,Ek Type,Copyright 2019 The Baloo 2 Project Authors (https://github.com/EkType/Baloo2),1
Baloo Tammudu 2,OFL-1.1,ofl/balootammudu2,Ek Type,Copyright 2019 The Baloo 2 Project Authors (https://github.com/EkType/Baloo2),1
Baloo Thambi 2,OFL-1.1,ofl/baloothambi2,Ek Type,Copyright 2019 The Baloo 2 Project Authors (https://github.com/EkType/Baloo2),1
Balsamiq Sans,OFL-1.1,ofl/balsamiqsans,Michael Angeles,Copyright 2011 The Balsamiq Sans Project Authors (https://github.com/balsamiq/balsamiqsans),4
Balthazar,OFL-1.1,ofl/balthazar,Dario Manuel Muhafara,"Copyright (c) 2011, Dario Manuel Muhafara (http://www.tipo.net.ar dario@tipo.net.ar), with Reserved Font Name \""Balthazar\"".",1
Bangers,OFL-1.1,ofl/bangers,Vernon Adams,Copyright 2010 The Bangers Project Authors (https://github.com/googlefonts/bangers),1
Barlow,OFL-1.1,ofl/barlow,Jeremy Tribby,Copyright 2017 The Barlow Project Authors (https://github.com/jpt/barlow),18
Barlow Condensed,OFL-1.1,ofl/barlowcondensed,Jeremy Tribby,Copyright 2017 The Barlow Project Authors (https://github.com/jpt/barlow),18
Barlow Semi Condensed,OFL-1.1,ofl/barlowsemicondensed,Jeremy Tribby,Copyright 2017 The Barlow Project Authors (https://github.com/jpt/barlow),18
Barriecito,OFL-1.1,ofl/barriecito,Omnibus-Type,Copyright 2018 The Barriecito Project Authors (https://github.com/Omnibus-Type/Barrio/Barriecito),1
Barrio,OFL-1.1,ofl/barrio,Omnibus-Type,Copyright 2016 The Barrio Project Authors (omnibus.type@gmail.com),1
Basic,OFL-1.1,ofl/basic,Magnus Gaarde,"Copyright (c) 2011, Sorkin Type Co (www.sorkintype.com eben@eyebytes.com) with Reserved Font Name \""Basic\"".",1
Baskervville,OFL-1.1,ofl/baskervville,ANRT,Copyright 2018 The Baskervville Project Authors (https://github.com/anrt-type/ANRT-Baskervville),2
Baskervville SC,OFL-1.1,ofl/baskervvillesc,ANRT,Copyright 2018 The Baskervville Project Authors (https://github.com/anrt-type/ANRT-Baskervville),1
Batang,OFL-1.1,ofl/batang,HanYang I&C Co.,Copyright 2024 The Batang and Gungsuh Project Authors (https://github.com/googlefonts/batang),1
BatangChe,OFL-1.1,ofl/batangche,HanYang I&C Co.,Copyright 2024 The Batang and Gungsuh Project Authors (https://github.com/googlefonts/batang),1
Battambang,OFL-1.1,ofl/battambang,Danh Hong,Copyright 2019 The Battambang Khmer Project Authors (https://github.com/danhhong/Battambang),5
Baumans,OFL-1.1,ofl/baumans,Cyreal,"Copyright (c) 2011, Cyreal (www.cyreal.org) with Reserved Font Name \""Baumans\"".  This Font Software is licensed under the SIL Open Font License, Version 1.1. This license is available with a FAQ at: http://scripts.sil.org/OFL",1
Bayon,OFL-1.1,ofl/bayon,Danh Hong,Copyright 2019 The Bayon Project Authors (https://github.com/danhhong/Bayon),1
BBH Bartle,OFL-1.1,ofl/bbhbartle,Studio DRAMA,Copyright 2025 The BBH Project Authors (https://github.com/Studio-DRAMA/BBH),1
BBH Bogle,OFL-1.1,ofl/bbhbogle,Studio DRAMA,Copyright 2025 The BBH Project Authors (https://github.com/Studio-DRAMA/BBH),1
BBH Hegarty,OFL-1.1,ofl/bbhhegarty,Studio DRAMA,Copyright 2025 The BBH Project Authors (https://github.com/Studio-DRAMA/BBH),1
Beau Rivage,OFL-1.1,ofl/beaurivage,Robert Leuschke,Copyright 2004 The Beau Rivage Project Authors (https://github.com/googlefonts/beau-rivage),1
Bebas Neue,OFL-1.1,ofl/bebasneue,Ryoichi Tsunekawa,Copyright 2019 The Bebas Neue Project Authors (https://github.com/dharmatype/Bebas-Neue),1
Beiruti,OFL-1.1,ofl/beiruti,"Boutros Fonts, Arlette Boutros, Volker Schnebel",Copyright 2024 The Beiruti Project Authors (https://github.com/googlefonts/beiruti),1
Belanosima,OFL-1.1,ofl/belanosima,"The DocRepair Project, Santiago Orozco","Copyright 2023 The Belanosima Project Authors (https://github.com/docrepair-fonts/belanosima-fonts), with Reserved Font Name \""Josefin Sans\"".",3
Belgrano,OFL-1.1,ofl/belgrano,LatinoType,"Copyright (c) 2011 by LatinoType Limitada (info@latinotype.com),  with Reserved Font Names \""Belgrano\""",1
Bellefair,OFL-1.1,ofl/bellefair,"Nick Shinn, Liron Lavi Turkenic",Copyright 2015 The Bellefair Project Authors (https://github.com/shinntype/bellefair),1
Belleza,OFL-1.1,ofl/belleza,Eduardo Tunni,Copyright 2012 The Belleza Project Authors (https://github.com/etunni/belleza),1
Bellota,OFL-1.1,ofl/bellota,Kemie Guaida,Copyright 2019 The Bellota Project Authors (https://github.com/kemie/Bellota-Font),6
Bellota Text,OFL-1.1,ofl/bellotatext,Kemie Guaida,Copyright 2019 The Bellota Project Authors (https://github.com/kemie/Bellota-Font),6
BenchNine,OFL-1.1,ofl/benchnine,Vernon Adams,"Copyright (c) 2012, vernon adams (vern@newtypography.co.uk), with Reserved Font Name \'BenchNine\'",3
Benne,OFL-1.1,ofl/benne,John Harrington,Copyright 2015 The Benne Project Authors (https://github.com/googlefonts/Benne),1
Bentham,OFL-1.1,ofl/bentham,Ben Weiner,"Copyright (c) 1999-2010, Ben Weiner (ben@readingtype.org.uk), with Reserved Font Name Bentham.",1
Berkshire Swash,OFL-1.1,ofl/berkshireswash,Astigmatic,"Copyright (c) 2012 by Brian J. Bonislawsky DBA Astigmatic (AOETI) (astigma@astigmatic.com), with Reserved Font Name \""Berkshire Swash\""",1
Besley,OFL-1.1,ofl/besley,Owen Earl,Copyright 2020 The Besley Project Authors (https://github.com/indestructible-type),2
Betania Patmos,OFL-1.1,ofl/betaniapatmos,Carolina Giovagnoli,Copyright 2024 The Betania Patmos Project Authors (https://github.com/huertatipografica/betania-patmos),1
Betania Patmos GDL,OFL-1.1,ofl/betaniapatmosgdl,Carolina Giovagnoli,Copyright 2024 The Betania Patmos Project Authors (https://github.com/huertatipografica/betania-patmos),1
Betania Patmos Guide Line,OFL-1.1,ofl/betaniapatmosguideline,Carolina Giovagnoli,Copyright 2024 The Betania Patmos Project Authors (https://github.com/huertatipografica/betania-patmos),1
Betania Patmos In,OFL-1.1,ofl/betaniapatmosin,Carolina Giovagnoli,Copyright 2024 The Betania Patmos Project Authors (https://github.com/huertatipografica/betania-patmos),1
Betania Patmos In GDL,OFL-1.1,ofl/betaniapatmosingdl,Carolina Giovagnoli,Copyright 2024 The Betania Patmos Project Authors (https://github.com/huertatipografica/betania-patmos),1
Beth Ellen,OFL-1.1,ofl/bethellen,"Rob Jelinski, Alyson Fraser Diaz",Copyright 2019 The Beth Ellen Project Authors (https://github.com/googlefonts/BethEllen),1
Bevan,OFL-1.1,ofl/bevan,Vernon Adams,Copyright 2016 The Bevan Project Authors (https://github.com/googlefonts/BevanFont),2
Be Vietnam Pro,OFL-1.1,ofl/bevietnampro,"Lâm Bảo, Tony Le, ViệtAnh Nguyễn",Copyright 2021 The Be Vietnam Pro Project Authors (https://github.com/bettergui/BeVietnamPro),18
Bhavuka,OFL-1.1,ofl/bhavuka,Multiple Designers,"Copyright 2014 - Matt Heximer (www.10fourdesign.com)\nbased on Latin \""Bellota\"" by Kemie Guaida (www.pixilate.com), \nwhich is in turn based on \""Snippet\"" by Gesine Todt.\n\nLicensed under the SIL Open Font License 1.1 This license is available with a FAQ at: http://scripts.sil.org/OFL\n(see file OFL.txt)",1
BhuTuka Expanded One,OFL-1.1,ofl/bhutukaexpandedone,Erin McLaughlin,Copyright 2017 The BhuTuka Expanded One Project Authors (https://github.com/erinmclaughlin/BhuTuka-Extended-One),1
Bigelow Rules,OFL-1.1,ofl/bigelowrules,Astigmatic,"Copyright (c) 2012 by Brian J. Bonislawsky DBA Astigmatic (AOETI) (astigma@astigmatic.com), with Reserved Font Name \""Bigelow Rules\""",1
Bigshot One,OFL-1.1,ofl/bigshotone,Gesine Todt,Copyright (c) 2011 by Gesine Todt. All rights reserved.,1
Big Shoulders,OFL-1.1,ofl/bigshoulders,Patric King,Copyright 2019 The Big Shoulders Project Authors (https://github.com/xotypeco/big_shoulders),1
Big Shoulders Display,OFL-1.1,ofl/bigshouldersdisplay,Patric King,Copyright 2019 The Big Shoulders Project Authors (https://github.com/xotypeco/big_shoulders),1
Big Shoulders Display SC,OFL-1.1,ofl/bigshouldersdisplaysc,Patric King,Copyright 2019 The Big Shoulders Project Authors (https://github.com/xotypeco/big_shoulders),1
Big Shoulders Inline,OFL-1.1,ofl/bigshouldersinline,Patric King,Copyright 2019 The Big Shoulders Project Authors (https://github.com/xotypeco/big_shoulders),1
Big Shoulders Inline Display,OFL-1.1,ofl/bigshouldersinlinedisplay,Patric King,Copyright 2019 The Big Shoulders Project Authors (https://github.com/xotypeco/big_shoulders),1
Big Shoulders Inline Display SC,OFL-1.1,ofl/bigshouldersinlinedisplaysc,Patric King,Copyright 2019 The Big Shoulders Project Authors (https://github.com/xotypeco/big_shoulders),1
Big Shoulders Inline Text,OFL-1.1,ofl/bigshouldersinlinetext,Patric King,Copyright 2019 The Big Shoulders Project Authors (https://github.com/xotypeco/big_shoulders),1
Big Shoulders Inline Text SC,OFL-1.1,ofl/bigshouldersinlinetextsc,Patric King,Copyright 2019 The Big Shoulders Project Authors (https://github.com/xotypeco/big_shoulders),1
Big Shoulders Stencil,OFL-1.1,ofl/bigshouldersstencil,Patric King,Copyright 2019 The Big Shoulders Project Authors (https://github.com/xotypeco/big_shoulders),1
Big Shoulders Stencil Display,OFL-1.1,ofl/bigshouldersstencildisplay,Patric King,Copyright 2019 The Big Shoulders Project Authors (https://github.com/xotypeco/big_shoulders),1
Big Shoulders Stencil Display SC,OFL-1.1,ofl/bigshouldersstencildisplaysc,Patric King,Copyright 2019 The Big Shoulders Project Authors (https://github.com/xotypeco/big_shoulders),1
Big Shoulders Stencil Text,OFL-1.1,ofl/bigshouldersstenciltext,Patric King,Copyright 2019 The Big Shoulders Project Authors (https://github.com/xotypeco/big_shoulders),1
Big Shoulders Stencil Text SC,OFL-1.1,ofl/bigshouldersstenciltextsc,Patric King,Copyright 2019 The Big Shoulders Project Authors (https://github.com/xotypeco/big_shoulders),1
Big Shoulders Text,OFL-1.1,ofl/bigshoulderstext,Patric King,Copyright 2019 The Big Shoulders Project Authors (https://github.com/xotypeco/big_shoulders),1
Big Shoulders Text SC,OFL-1.1,ofl/bigshoulderstextsc,Patric King,Copyright 2019 The Big Shoulders Project Authors (https://github.com/xotypeco/big_shoulders),1
Bilbo,OFL-1.1,ofl/bilbo,Robert Leuschke,Copyright 2011 The Bilbo Project Authors (https://github.com/googlefonts/bilbo),1
Bilbo Swash Caps,OFL-1.1,ofl/bilboswashcaps,TypeSETit,"Copyright (c) 2011 TypeSETit, LLC (typesetit@att.net), with Reserved Font Names \""Bilbo\"" and \""Bilbo Swash Caps\""",1
BioRhyme,OFL-1.1,ofl/biorhyme,Aoife Mooney,Copyright 2016 The BioRhyme Project Authors (https://github.com/aoifemooney/makingbiorhyme),1
BioRhyme Expanded,OFL-1.1,ofl/biorhymeexpanded,Aoife Mooney,Copyright 2016 Aoife Mooney (aoifemooney@gmail.com www.aoifemooney.org),5
Birthstone,OFL-1.1,ofl/birthstone,Robert Leuschke,Copyright 2019 The Birthstone Project Authors (https://github.com/googlefonts/birthstone),1
Birthstone Bounce,OFL-1.1,ofl/birthstonebounce,Robert Leuschke,Copyright 2019 The Birthstone Bounce Project Authors (https://github.com/googlefonts/birthstone-bounce),2
Biryani,OFL-1.1,ofl/biryani,"Dan Reynolds, Mathieu Réguer",Copyright (c) 2015 Dan Reynolds. Copyright (c) 2015 Mathieu Réguer.,7
Bitcount,OFL-1.1,ofl/bitcount,Petr van Blokland,Copyright 2024 The Bitcount Project Authors (https://github.com/petrvanblokland/TYPETR-Bitcount),1
Bitcount Grid Double,OFL-1.1,ofl/bitcountgriddouble,Petr van Blokland,Copyright 2024 The Bitcount Project Authors (https://github.com/petrvanblokland/TYPETR-Bitcount),1
Bitcount Grid Double Ink,OFL-1.1,ofl/bitcountgriddoubleink,Petr van Blokland,Copyright 2024 The Bitcount Project Authors (https://github.com/petrvanblokland/TYPETR-Bitcount),1
Bitcount Grid Single,OFL-1.1,ofl/bitcountgridsingle,Petr van Blokland,Copyright 2024 The Bitcount Project Authors (https://github.com/petrvanblokland/TYPETR-Bitcount),1
Bitcount Grid Single Ink,OFL-1.1,ofl/bitcountgridsingleink,Petr van Blokland,Copyright 2024 The Bitcount Project Authors (https://github.com/petrvanblokland/TYPETR-Bitcount),1
Bitcount Ink,OFL-1.1,ofl/bitcountink,Petr van Blokland,Copyright 2024 The Bitcount Project Authors (https://github.com/petrvanblokland/TYPETR-Bitcount),1
Bitcount Prop Double,OFL-1.1,ofl/bitcountpropdouble,Petr van Blokland,Copyright 2024 The Bitcount Project Authors (https://github.com/petrvanblokland/TYPETR-Bitcount),1
Bitcount Prop Double Ink,OFL-1.1,ofl/bitcountpropdoubleink,Petr van Blokland,Copyright 2024 The Bitcount Project Authors (https://github.com/petrvanblokland/TYPETR-Bitcount),1
Bitcount Prop Single,OFL-1.1,ofl/bitcountpropsingle,Petr van Blokland,Copyright 2024 The Bitcount Project Authors (https://github.com/petrvanblokland/TYPETR-Bitcount),1
Bitcount Prop Single Ink,OFL-1.1,ofl/bitcountpropsingleink,Petr van Blokland,Copyright 2024 The Bitcount Project Authors (https://github.com/petrvanblokland/TYPETR-Bitcount),1
Bitcount Single,OFL-1.1,ofl/bitcountsingle,Petr van Blokland,Copyright 2024 The Bitcount Project Authors (https://github.com/petrvanblokland/TYPETR-Bitcount),1
Bitcount Single Ink,OFL-1.1,ofl/bitcountsingleink,Petr van Blokland,Copyright 2024 The Bitcount Project Authors (https://github.com/petrvanblokland/TYPETR-Bitcount),1
Bitter,OFL-1.1,ofl/bitter,Sol Matas,Copyright 2011 The Bitter Project Authors (https://github.com/solmatas/BitterPro),2
BIZ UDGothic,OFL-1.1,ofl/bizudgothic,"Type Bank Co., Morisawa Inc.",Copyright 2022 The BIZ UDGothic Project Authors (https://github.com/googlefonts/morisawa-biz-ud-gothic),2
BIZ UDMincho,OFL-1.1,ofl/bizudmincho,"Type Bank Co., Morisawa Inc.",Copyright 2022 The BIZ UDMincho Project Authors (https://github.com/googlefonts/morisawa-biz-ud-mincho),2
BIZ UDPGothic,OFL-1.1,ofl/bizudpgothic,"Type Bank Co., Morisawa Inc.",Copyright 2022 The BIZ UDGothic Project Authors (https://github.com/googlefonts/morisawa-biz-ud-gothic),2
BIZ UDPMincho,OFL-1.1,ofl/bizudpmincho,"Type Bank Co., Morisawa Inc.",Copyright 2022 The BIZ UDMincho Project Authors (https://github.com/googlefonts/morisawa-biz-ud-mincho),2
BJCree,OFL-1.1,ofl/bjcree,SIL International,"Copyright (c) 2000-2026 SIL Global (https://www.sil.org). Latin glyphs originally copyright (c) 2014-2015 (URW)++ Design and Development, with modifications copyright (c) 2024-2026 SIL Global.",4
Black And White Picture,OFL-1.1,ofl/blackandwhitepicture,AsiaSoft Inc.,Copyright (c) 1992-2018 AsiaSoft Inc. Seoul Korea All Rights Reserved.,1
Black Han Sans,OFL-1.1,ofl/blackhansans,Zess Type,Copyright 2015 The Black Han Sans Project Authors (https://github.com/zesstype/Black-Han-Sans),1
Black Ops One,OFL-1.1,ofl/blackopsone,"James Grieshaber, Eben Sorkin",Copyright 2022 The PinyonScript Project Authors (https://github.com/SorkinType/Black-Ops),1
Blaka,OFL-1.1,ofl/blaka,Mohamed Gaber,Copyright 2019 The Blaka Project Authors (https://github.com/Gue3bara/Blaka),1
Blaka Hollow,OFL-1.1,ofl/blakahollow,Mohamed Gaber,Copyright 2019 The Blaka Project Authors (https://github.com/Gue3bara/Blaka),1
Blaka Ink,OFL-1.1,ofl/blakaink,Mohamed Gaber,Copyright 2019 The Blaka Project Authors (https://github.com/Gue3bara/Blaka),1
Blinker,OFL-1.1,ofl/blinker,Juergen Huber,Copyright 2019 the Blinker project authors (https://github.com/supertype-de/Blinker),8
Bodoni Moda,OFL-1.1,ofl/bodonimoda,Owen Earl,Copyright 2020 The Bodoni Moda Project Authors (https://github.com/indestructible-type/Bodoni),2
Bodoni Moda SC,OFL-1.1,ofl/bodonimodasc,Owen Earl,Copyright 2020 The Bodoni Moda Project Authors (https://github.com/indestructible-type/Bodoni),2
Bokor,OFL-1.1,ofl/bokor,Danh Hong,Copyright 2020 The Bokor Project Authors (https://github.com/danhhong/Bokor),1
Boldonse,OFL-1.1,ofl/boldonse,Universitype,Copyright 2024 The Boldonse Project Authors (https://github.com/googlefonts/boldonse),1
Bona Nova,OFL-1.1,ofl/bonanova,"Capitalics, Mateusz Machalski, Andrzej Heidrich",Copyright 2017 The Bona Nova Project Authors (https://github.com/kosmynkab/Bona-Nova),3
Bona Nova SC,OFL-1.1,ofl/bonanovasc,"Capitalics, Mateusz Machalski, Andrzej Heidrich",Copyright 2017 The Bona Nova Project Authors (https://github.com/kosmynkab/Bona-Nova),3
Bonbon,OFL-1.1,ofl/bonbon,Cyreal,"Copyright (c) 2011, Cyreal (www.cyreal.org) with Reserved Font Name \""Bonbon\"".  This Font Software is licensed under the SIL Open Font License, Version 1.1. This license is available with a FAQ at: http://scripts.sil.org/OFL",1
Bonheur Royale,OFL-1.1,ofl/bonheurroyale,Robert Leuschke,Copyright 2005-2021 The Bonheur Royale Project Authors (https://github.com/googlefonts/bonheur-royale),1
Boogaloo,OFL-1.1,ofl/boogaloo,John Vargas Beltrán,"Copyright (c) 2011, John Vargas Beltran (www.johnvargasbeltran.com|john.vargasbeltran@gmail.com), with Reserved Font Name \""Boogaloo\"".",1
Borel,OFL-1.1,ofl/borel,Rosalie Wagner,Copyright 2023 The Borel Project Authors (https://github.com/RosaWagner/Borel),1
Bowlby One,OFL-1.1,ofl/bowlbyone,Vernon Adams,"Copyright (c) 2011 by vernon adams (vern@newtypography.co.uk), with Reserved Font Names \""Bowlby\"" \""Bowlby One\"" and \""Bowlby One SC\"". This Font Software is licensed under the SIL Open Font License, Version 1.1. This license is available with a FAQ at: http://scripts.sil.org/OFL",1
Bowlby One SC,OFL-1.1,ofl/bowlbyonesc,Vernon Adams,"Copyright (c) 2011, vernon adams (vern@newtypography.co.uk), with Reserved Font Names \""Bowlby\""",1
Bpmf Huninn,OFL-1.1,ofl/bpmfhuninn,"But Ko, justfont",Copyright 2025 The Bpmf Project Authors (https://github.com/ButTaiwan/bpmfvs),1
Bpmf Iansui,OFL-1.1,ofl/bpmfiansui,But Ko,Copyright 2025 The Bpmf Project Authors (https://github.com/ButTaiwan/bpmfvs),1
Bpmf Zihi Kai Std,OFL-1.1,ofl/bpmfzihikaistd,But Ko,Copyright 2025 The Bpmf Project Authors (https://github.com/ButTaiwan/bpmfvs),1
Braah One,OFL-1.1,ofl/braahone,Ashish Kumar,Copyright 2022 The Braah Project Authors (https://github.com/artandtype/Braah ),1
Brawler,OFL-1.1,ofl/brawler,Cyreal,Copyright 2011 The Brawler Project Authors (https://github.com/cyrealtype/Brawler),2
Bree Serif,OFL-1.1,ofl/breeserif,TypeTogether,"Copyright (c) 2011, TypeTogether (www.type-together.com), with Reserved Font Names \""Bree\"" and \""Bree Serif\""",1
Bricolage Grotesque,OFL-1.1,ofl/bricolagegrotesque,Mathieu Triay,Copyright 2022 The Bricolage Grotesque Project Authors (https://github.com/ateliertriay/bricolage),1
Briem Hand,OFL-1.1,ofl/briemhand,"Gunnlaugur SE Briem, Eben Sorkin",Copyright 2019 The Briem Hand Project Authors (https://github.com/SorkinType/Briem-Hand),1
Bruno Ace,OFL-1.1,ofl/brunoace,Astigmatic,Copyright 2023 The Bruno Ace Project Authors (https://github.com/googlefonts/Bruno-ace),1
Bruno Ace SC,OFL-1.1,ofl/brunoacesc,Astigmatic,Copyright 2023 The Bruno Ace Project Authors (https://github.com/googlefonts/Bruno-ace),1
Brygada 1918,OFL-1.1,ofl/brygada1918,"Capitalics, Mateusz Machalski, Borys Kosmynka, Ania Wieluńska, Przemysław Hoffer",Copyright 2020 The Brygada 1918 Project Authors (https://github.com/kosmynkab/Brygada-1918),2
Bubblegum Sans,OFL-1.1,ofl/bubblegumsans,Sudtipos,"Copyright (c) 2011 Angel Koziupa (sudtipos@sudtipos.com), Copyright (c) 2011 Alejandro Paul (sudtipos@sudtipos.com), with Reserved Font Name \""Bubblegum Sans\""",1
Bubbler One,OFL-1.1,ofl/bubblerone,Brenda Gallo,"Copyright (c) 2011 by Brenda Gallo (gbrenda1987@gmail.com), with Reserved Font Name \""Bubbler\""",1
Buda,OFL-1.1,ofl/buda,Adèle Antignac,"Copyright (c) 2010, Adele Antignac (a.antignac@hotmail.fr). All rights reserved. Licenced under SIL OFL vl.1",1
Buenard,OFL-1.1,ofl/buenard,Gustavo Ibarra,Copyright 2024 The Buenard Project Authors (https://github.com/googlefonts/buenard),1
Bungee,OFL-1.1,ofl/bungee,David Jonathan Ross,Copyright 2023 The Bungee Project Authors (https://github.com/djrrb/Bungee),1
Bungee Color,OFL-1.1,ofl/bungeecolor,David Jonathan Ross,Copyright 2008 The Bungee Project Authors (david@djr.com),1
Bungee Hairline,OFL-1.1,ofl/bungeehairline,David Jonathan Ross,Copyright 2023 The Bungee Project Authors (https://github.com/djrrb/Bungee),1
Bungee Inline,OFL-1.1,ofl/bungeeinline,David Jonathan Ross,Copyright 2023 The Bungee Project Authors (https://github.com/djrrb/Bungee),1
Bungee Outline,OFL-1.1,ofl/bungeeoutline,David Jonathan Ross,Copyright 2023 The Bungee Project Authors (https://github.com/djrrb/Bungee),1
Bungee Shade,OFL-1.1,ofl/bungeeshade,David Jonathan Ross,Copyright 2023 The Bungee Project Authors (https://github.com/djrrb/Bungee),1
Bungee Spice,OFL-1.1,ofl/bungeespice,David Jonathan Ross,Copyright 2023 The Bungee Project Authors (https://github.com/djrrb/Bungee),1
Bungee Tint,OFL-1.1,ofl/bungeetint,David Jonathan Ross,Copyright 2023 The Bungee Project Authors (https://github.com/djrrb/Bungee),1
Butcherman,OFL-1.1,ofl/butcherman,Typomondo,"Copyright (c) 2011, Typomondo, with Reserved Font Name  \""Butcherman\"".",1
Butterfly Kids,OFL-1.1,ofl/butterflykids,Tart Workshop,"Copyright (c) 2012 by Font Diner, Inc DBA Tart Workshop (diner@fontdiner.com) with Reseved Font Name \""Butterfly Kids\""",1
Bytesized,OFL-1.1,ofl/bytesized,Baltdev,Copyright 2024 The Bytesized Project Authors (https://github.com/balt-dev/bytesized-gf),1
Caacupe One,OFL-1.1,ofl/caacupeone,Magdalena Alonso Rebollo,Copyright 2014-2026 The Caacupe One Project Authors (https://github.com/googlefonts/caacupe),1
Cabin,OFL-1.1,ofl/cabin,"Impallari Type, Rodrigo Fuenzalida",Copyright 2018 The Cabin Project Authors (https://github.com/impallari/Cabin),2
Cabin Condensed,OFL-1.1,ofl/cabincondensed,Impallari Type,Copyright 2016 The Cabin Project Authors (impallari@gmail.com),4
Cabin Sketch,OFL-1.1,ofl/cabinsketch,Impallari Type,"Copyright 2011 The Cabin Project Authors (impallari@gmail.com), with Reserved Font Name \""Cabin\"", \""Cabin Sketch\"".",2
Cactus Classical Serif,OFL-1.1,ofl/cactusclassicalserif,"Henry Chan, Tian Haidong, Moonlit Owen",Copyright 2024 The Cactus Classical Serif Project Authors (https://github.com/MoonlitOwen/CactusSerif),1
Caesar Dressing,OFL-1.1,ofl/caesardressing,Open Window,"Copyright (c) 2011 by Open Window (dathanboardman@gmail.com) with Reseved Font Name \""Caesar Dressing\""",1
Cagliostro,OFL-1.1,ofl/cagliostro,MADType,"Copyright (c) 2011 Matthew Desmond (http://www.madtype.com | mattdesmond@gmail.com), with Reserved Font Name \""Cagliostro\""",1
Cairo,OFL-1.1,ofl/cairo,"Mohamed Gaber, Accademia di Belle Arti di Urbino",Copyright 2009 The Cairo Project Authors (https://github.com/Gue3bara/Cairo),1
Cairo Play,OFL-1.1,ofl/cairoplay,"Mohamed Gaber, Accademia di Belle Arti di Urbino",Copyright 2009 The Cairo Project Authors (https://github.com/Gue3bara/Cairo),1
Caladea,OFL-1.1,ofl/caladea,"HT Fonts, Carolina Giovagnoli, Andrés Torresi",Copyright 2012 The Caladea Project Authors (https://github.com/huertatipografica/Caladea),4
Calistoga,OFL-1.1,ofl/calistoga,"Yvonne Schüttler, Sorkin Type, Eben Sorkin",Copyright 2019 The Calistoga Project Authors (https://github.com/SorkinType/Calistoga),1
Cal Sans,OFL-1.1,ofl/calsans,"Mark Davis, Cal.com Inc.",Copyright 2021 The Cal Sans Project Authors (https://github.com/calcom/font),1
Cambay,OFL-1.1,ofl/cambay,Pooja Saxena,Copyright (c) 2014 Pooja Saxena (www.poojasaxena.in),4
Cambo,OFL-1.1,ofl/cambo,"HT Fonts, Carolina Giovagnoli, Andres Torresi","Copyright (c) 2011, Carolina Giovagnoli (carolina.giovagnoli@htfonts.com), Copyright (c) 2011, Andres Torresi (andres.torresi@htfonts.com), with Reserved Font Name Cambo.",1
Candal,OFL-1.1,ofl/candal,Vernon Adams,"Copyright (c) 2011, Vernon Adams (vern@newtypography.co.uk) with Reserved Font Name \'Candal\'. All rights reserved.",1
Cantarell,OFL-1.1,ofl/cantarell,Dave Crossland,Copyright 2009 The Cantarell Project Authors (https://github.com/davelab6/cantarell),4
Cantata One,OFL-1.1,ofl/cantataone,Joana Correia,"Copyright (c) 2012, Sorkin Type Co (www.sorkintype.com eben@eyebytes.com), with Reserved Font Name \""Cantata\""",1
Cantora One,OFL-1.1,ofl/cantoraone,Impallari Type,"Copyright (c) 2012, Pablo Impallari (www.impallari.com|impallari@gmail.com), Rodrigo Fuenzalida (www.rfuenzalida.com|hello@rfuenzalida.com) with Reserved Font Name Cantora.",1
Caprasimo,OFL-1.1,ofl/caprasimo,"The DocRepair Project, Phaedra Charles, Flavia Zimbardi",Copyright 2023 The Caprasimo Project Authors (https://github.com/docrepair-fonts/caprasimo-fonts).,1
Capriola,OFL-1.1,ofl/capriola,Viktoriya Grabowska,Copyright 2025 The Capriola Project Authors (https://github.com/SorkinType/Capriola-VF),1
Caramel,OFL-1.1,ofl/caramel,Robert Leuschke,Copyright 2004-2021 The Caramel Project Authors (https://github.com/googlefonts/caramel),1
Carattere,OFL-1.1,ofl/carattere,Robert Leuschke,Copyright 2020 The Carattere Project Authors (https://github.com/googlefonts/carattere),1
Cardo,OFL-1.1,ofl/cardo,David Perry,"Copyright (c) 2002-2011, David J. Perry (hospes02@scholarsfonts.net)",3
Carlito,OFL-1.1,ofl/carlito,Łukasz Dziedzic,Copyright 2013 The Carlito Project Authors (https://github.com/googlefonts/carlito),4
Carme,OFL-1.1,ofl/carme,Rubén Prol,"Copyright (c) 2010-2011, Ruben Prol (ipanemagrafica@gmail.com|www.ipanemagrafica.com), with Reserved Font Name Carme.",1
Carrois Gothic,OFL-1.1,ofl/carroisgothic,Carrois Apostrophe,"Copyright (c) 2011 by Ralph du Carrois, with Reserved Font Name \'Carrois\'",1
Carrois Gothic SC,OFL-1.1,ofl/carroisgothicsc,Carrois Apostrophe,"Copyright (c) 2011 by Ralph du Carrois, with Reserved Font Name \'Carrois\'",1
Carter One,OFL-1.1,ofl/carterone,Vernon Adams,"Copyright (c) 2011, Vernon Adams (vern@newtypography.co.uk) with Reserved Font Name \'Carter One\'. All rights reserved.",1
Cascadia Code,OFL-1.1,ofl/cascadiacode,"Aaron Bell, Mohamad Dakak, Viktoriya Grabowska, Liron Lavi Turkenich",© 2021 Microsoft Corporation. All Rights Reserved.,2
Cascadia Mono,OFL-1.1,ofl/cascadiamono,"Aaron Bell, Mohamad Dakak, Viktoriya Grabowska, Liron Lavi Turkenich",© 2021 Microsoft Corporation. All Rights Reserved.,2
Castoro,OFL-1.1,ofl/castoro,"Tiro Typeworks, John Hudson, Paul Hanslow, Kaja Słojewska",Copyright 2020 The Castoro Project Authors (https://github.com/TiroTypeworks/Castoro),2
Castoro Titling,OFL-1.1,ofl/castorotitling,"Tiro Typeworks, John Hudson",Copyright 2020 The Castoro Project Authors (https://github.com/TiroTypeworks/Castoro),1
Catamaran,OFL-1.1,ofl/catamaran,Pria Ravichandran,Copyright 2020 The Catamaran Project Authors (https://github.com/VanillaandCream/Catamaran-Tamil),1
Caudex,OFL-1.1,ofl/caudex,Nidud,Copyright (c) 2011 Hjort Nidudsson (nidud@users.sourceforge.net),4
Cause,OFL-1.1,ofl/cause,Saurabh Sharma,Copyright 2025 The Cause Project Authors (https://github.com/xconsau/cause),1
Caveat,OFL-1.1,ofl/caveat,Impallari Type,Copyright 2014 The Caveat Project Authors (https://github.com/googlefonts/caveat),1
Caveat Brush,OFL-1.1,ofl/caveatbrush,Impallari Type,Copyright 2015 Google Inc. All Rights Reserved.,1
Cedarville Cursive,OFL-1.1,ofl/cedarvillecursive,Kimberly Geswein,"Copyright (c) 2010, Kimberly Geswein (kimberlygeswein.com kimberlygeswein@gmail.com)",1
Ceviche One,OFL-1.1,ofl/cevicheone,Miguel Hernandez,"Copyright (c) 2011 by LatinoType Limitada (luciano@latinotype.com), with Reserved Font Names \""Cecivhe\"" and \""Ceviche One\""",1
Chakra Petch,OFL-1.1,ofl/chakrapetch,Cadson Demak,Copyright 2018 The Chakra Petch Project Authors (https://github.com/m4rc1e/Chakra-Petch.git),12
Changa,OFL-1.1,ofl/changa,Eduardo Tunni,Copyright 2018 The Changa Project Authors (https://github.com/eliheuer/changa-vf),1
Changa One,OFL-1.1,ofl/changaone,Eduardo Tunni,"Copyright (c) 2011, Eduardo Tunni (http://www.tipo.net.ar edu@tipo.net.ar), with Reserved Font Name \""Changa\""",2
Chango,OFL-1.1,ofl/chango,Fontstage,"Copyright (c) 2011 Fontstage (info@fontstage.com), with Reserved Font Name \""Chango\""",1
Charis SIL,OFL-1.1,ofl/charissil,SIL International,Copyright (c) 1997-2022 SIL International,4
Charm,OFL-1.1,ofl/charm,Cadson Demak,Copyright 2018 The Charm Project Authors (https://github.com/cadsondemak/charm),2
Charmonman,OFL-1.1,ofl/charmonman,Cadson Demak,Copyright 2018 The Charmonman Project Authors (https://github.com/cadsondemak/Charmonman),2
Chathura,OFL-1.1,ofl/chathura,Appaji Ambarisha Darbha,Copyright 2009 The Chathura Project Authors.,5
Chau Philomene One,OFL-1.1,ofl/chauphilomeneone,Vicente Lamónaca,"Copyright (c) 2010-2012, TipoType (produccion.taller@gmail.com), with Reserved Font Name \""Chau Philomene\""",2
Chela One,OFL-1.1,ofl/chelaone,Miguel Hernandez,"Copyright (c) 2012, LatinoType (luciano@latinotype.com), with Reserved Font Names \'Chela\'",1
Chelsea Market,OFL-1.1,ofl/chelseamarket,Tart Workshop,"Copyright (c) 2011 by Font Diner, Inc DBA Tart Workshop (diner@fontdiner.com) with Reseved Font Name \""Chelsea Market\""",1
Chenla,OFL-1.1,ofl/chenla,Danh Hong,"Copyright (c) 2010, Danh Hong (khmertype.blogspot.com danhhong@gmail.com), with Reserved Font Name NiDA Chenla. This Font Software is licensed under the SIL Open Font License, Version 1.1. This license is available with a FAQ at: http://scripts.sil.org/OFL",1
Cherish,OFL-1.1,ofl/cherish,Robert Leuschke,Copyright 2004-2021 The Cherish Project Authors (https://github.com/googlefonts/cherish),1
Cherry Bomb One,OFL-1.1,ofl/cherrybombone,Satsuyako,Copyright 2019 The Cherry Bomb Project Authors (https://github.com/satsuyako/CherryBomb),1
Cherry Swash,OFL-1.1,ofl/cherryswash,Nataliya Kasatkina,"Copyright (c) 2012, Natalia Kasatkina (kasatkinanataliya@gmail.com)",2
Chicle,OFL-1.1,ofl/chicle,Sudtipos,"Copyright (c) 2007 Angel Koziupa (sudtipos@sudtipos.com), Copyright (c) 2007 Alejandro Paul (sudtipos@sudtipos.com), with Reserved Font Name \""Chicle\""",1
Chilanka,OFL-1.1,ofl/chilanka,"SMC, Santhosh Thottingal",Copyright 2020 The Chilanka Project Authors (https://gitlab.com/smc/fonts/chilanka),1
Chiron GoRound TC,OFL-1.1,ofl/chirongoroundtc,Tamcy,Copyright 2025 The Chiron GoRound TC Project Authors (https://github.com/chiron-fonts/chiron-go-round-tc),1
Chiron Hei HK,OFL-1.1,ofl/chironheihk,Tamcy,Copyright 2025 The Chiron Hei HK Project Authors (https://github.com/chiron-fonts/chiron-hei-hk),2
Chiron Sung HK,OFL-1.1,ofl/chironsunghk,Tamcy,Copyright 2025 The Chiron Sung HK Project Authors (https://github.com/chiron-fonts/chiron-sung-hk),2
Chivo,OFL-1.1,ofl/chivo,Omnibus-Type,Copyright 2019 The Chivo Project Authors (https://github.com/Omnibus-Type/Chivo),2
Chivo Mono,OFL-1.1,ofl/chivomono,Omnibus-Type,Copyright 2018 The Chivo Project Authors (https://github.com/Omnibus-Type/Chivo),2
Chocolate Classical Sans,OFL-1.1,ofl/chocolateclassicalsans,Moonlit Owen,Copyright 2024 The Chocolate Classical Sans Project Authors (https://github.com/MoonlitOwen/ChocolateSans),1
Chokokutai,OFL-1.1,ofl/chokokutai,Font Zone 108,"Copyright 2020 The Chokokutai Project Authors (https://github.com/go108go/Chokokutai), all rights reserved.",1
Chonburi,OFL-1.1,ofl/chonburi,Cadson Demak,"Copyright (c) 2015, Cadson Demak (info@cadsondemak.com)",1
Cinzel,OFL-1.1,ofl/cinzel,Natanael Gama,Copyright 2020 The Cinzel Project Authors (https://github.com/NDISCOVER/Cinzel),1
Cinzel Decorative,OFL-1.1,ofl/cinzeldecorative,Natanael Gama,"Copyright  2012 Natanael Gama (info@ndiscovered.com), with Reserved Font Name \'Cinzel\'",3
Clarity City,OFL-1.1,ofl/claritycity,"VMware, Chris Simpson",Copyright 2019 The Clarity City Project Authors (https://github.com/googlefonts/clarity-city),2
Clicker Script,OFL-1.1,ofl/clickerscript,Astigmatic,"Copyright (c) 2012 by Brian J. Bonislawsky and Jim Lyles for Astigmatic (AOETI) (astigma@astigmatic.com), with Reserved Font Name \""Clicker Script\""",1
Climate Crisis,OFL-1.1,ofl/climatecrisis,"Daniel Coull, Eino Korkala",Copyright 2020 The Climate Crisis Project Authors (https://github.com/dancoull/ClimateCrisis),1
Coda,OFL-1.1,ofl/coda,Vernon Adams,"Copyright (c) 2010-2012, Vernon Adams (vern@newtypography.co.uk), with Reserved Font Names \""Coda\""",2
Codystar,OFL-1.1,ofl/codystar,Neapolitan,"Copyright (c) 2012 by Font Diner, Inc DBA Neapolitan (diner@fontdiner.com) with Reseved Font Name \""Codystar Light\""",2
Coiny,OFL-1.1,ofl/coiny,Marcelo Magalhães,Copyright 2015 Marcelo Magalhaes (marcelommp@gmail.com @marcelommp),1
Combo,OFL-1.1,ofl/combo,Eduardo Tunni,"Copyright (c) 2012, Eduardo Tunni (http://www.tipo.net.ar edu@tipo.net.ar), with Reserved Font Name \'Combo\'",1
Comfortaa,OFL-1.1,ofl/comfortaa,Johan Aakerlund,"Copyright 2011 The Comfortaa Project Authors (https://github.com/alexeiva/comfortaa), with Reserved Font Name \""Comfortaa\"".",1
Comforter,OFL-1.1,ofl/comforter,Robert Leuschke,Copyright 2015 The Comforter Project Authors (https://github.com/googlefonts/comforter),1
Comforter Brush,OFL-1.1,ofl/comforterbrush,Robert Leuschke,Copyright 2015 The Comforter Brush Project Authors (https://github.com/googlefonts/comforter-brush),1
Comic Neue,OFL-1.1,ofl/comicneue,"Craig Rozynski, Hrant Papazian",Copyright 2014 The Comic Neue Project Authors (https://github.com/crozynski/comicneue),6
Comic Relief,OFL-1.1,ofl/comicrelief,Jeff Davis,Copyright 2013 The Comic Relief Project Authors (https://github.com/loudifier/Comic-Relief),2
Comme,OFL-1.1,ofl/comme,Vernon Adams,Copyright 2014 The Comme Project Authors (https://github.com/googlefonts/comme),1
Commissioner,OFL-1.1,ofl/commissioner,Kostas Bartsokas,Copyright 2019 The Commissioner Project Authors (github.com/kosbarts/Commissioner),1
Concert One,OFL-1.1,ofl/concertone,"Johan Kallas, Mihkel Virkus","Copyright (c) 2011, 2011 Johan Kallas (johankallas@gmail.com), Copyright (c) 2011, 2011 Mihkel Virkus (mihkelvirkus@gmail.com), with Reserved Font Name Concert.",1
Condiment,OFL-1.1,ofl/condiment,Sudtipos,"Copyright (c) 2010 Angel Koziupa (sudtipos@sudtipos.com), Copyright (c) 2010 Alejandro Paul (sudtipos@sudtipos.com), with Reserved Font Name \""Condiment\""",1
Content,OFL-1.1,ofl/content,Danh Hong,"Copyright (c) 2010, Danh Hong (khmertype.blogspot.com danhhong@gmail.com), with Reserved Font Name Khmer OS Content. This Font Software is licensed under the SIL Open Font License, Version 1.1. This license is available with a FAQ at: http://scripts.sil.org/OFL",2
Contrail One,OFL-1.1,ofl/contrailone,Riccardo De Franceschi,"Copyright (c) 2011, Sorkin Type Co (www.sorkintype.com eben@eyebytes.com) with Reserved Font Names \""Contrail\"" and \""Contrail One\"".",1
Convergence,OFL-1.1,ofl/convergence,"Nicolás Silva, John Vargas Beltrán","Copyright (c) 2010 by Jos Nicols Silva Schwarzenberg.<info@nsilva.com> and John Vargas Beltran <http://www.johnvargasbeltran.com/>, with Reserved Font Names \""Convergence\"".",1
Cookie,OFL-1.1,ofl/cookie,Ania Kruk,"Copyright (c) 2011 by Ania Kruk (hello@aniakruk.com), with Reserved Font Name Cookie.",1
Copse,OFL-1.1,ofl/copse,Dan Rhatigan,"\""Copyright (c) 2010, Daniel Rhatigan (sparky@ultrasparky.org) with Reserved Font Name Copse\""",1
Coral Pixels,OFL-1.1,ofl/coralpixels,Tanukizamurai,Copyright 2024 The Coral Pixels Project Authors (https://github.com/tanukifont/Coral-Pixels),1
Corben,OFL-1.1,ofl/corben,Vernon Adams,"Copyright (c) 2010, 2011 by vernon adams (vern@newtypography.co.uk) with Reserved Font Name \'Corben\'.",2
Corinthia,OFL-1.1,ofl/corinthia,Robert Leuschke,Copyright 2010 The Corinthia Project Authors (https://github.com/googlefonts/corinthia),2
Cormorant,OFL-1.1,ofl/cormorant,Christian Thalmann,Copyright 2015 The Cormorant Project Authors (github.com/CatharsisFonts/Cormorant),2
Cormorant Garamond,OFL-1.1,ofl/cormorantgaramond,Christian Thalmann,Copyright 2015 The Cormorant Project Authors (github.com/CatharsisFonts/Cormorant),2
Cormorant Infant,OFL-1.1,ofl/cormorantinfant,Christian Thalmann,Copyright 2015 The Cormorant Project Authors (github.com/CatharsisFonts/Cormorant),2
Cormorant SC,OFL-1.1,ofl/cormorantsc,Christian Thalmann,Copyright 2015 The Cormorant Project Authors (github.com/CatharsisFonts/Cormorant),5
Cormorant Unicase,OFL-1.1,ofl/cormorantunicase,Christian Thalmann,Copyright 2015 The Cormorant Project Authors (github.com/CatharsisFonts/Cormorant),5
Cormorant Upright,OFL-1.1,ofl/cormorantupright,Christian Thalmann,Copyright 2015 The Cormorant Project Authors (github.com/CatharsisFonts/Cormorant),5
Cossette Texte,OFL-1.1,ofl/cossettetexte,Cossette,Copyright 2025 The Cossette Texte Project Authors (https://github.com/googlefonts/cossette-fonts),2
Cossette Titre,OFL-1.1,ofl/cossettetitre,Cossette,Copyright 2025 The Cossette Titre Project Authors (https://github.com/googlefonts/cossette-fonts),2
Courgette,OFL-1.1,ofl/courgette,Karolina Lach,"Copyright (c) 2012, Sorkin Type Co (www.sorkintype.com eben@eyebytes.com) with Reserved Font Name \""Courgette\"".",1
Courier Prime,OFL-1.1,ofl/courierprime,Alan Dague-Greene,Copyright 2015 The Courier Prime Project Authors (https://github.com/quoteunquoteapps/CourierPrime).,4
Cousine,OFL-1.1,ofl/cousine,Steve Matteson,Copyright 2026 The Cousine Project Authors (https://github.com/googlefonts/cousine),4
Coustard,OFL-1.1,ofl/coustard,Vernon Adams,Copyright 2011 The Coustard Project Authors (https://github.com/googlefonts/coustardFont),2
Covered By Your Grace,OFL-1.1,ofl/coveredbyyourgrace,Kimberly Geswein,"Copyright (c) 2010, Kimberly Geswein (kimberlygeswein.com kimberlygeswein@gmail.com)",1
Creepster,OFL-1.1,ofl/creepster,Sideshow,"Copyright (c) 2011, Font Diner, Inc DBA Sideshow (diner@fontdiner.com), with Reserved Font Names \""Creepster\""",1
Crete Round,OFL-1.1,ofl/creteround,TypeTogether,"Copyright (c) 2011, TypeTogether (www.type-together.com info@type-together.com), with Reserved Font Names \""Crete\"" and \""Crete Round\""",2
Crimson Pro,OFL-1.1,ofl/crimsonpro,Jacques Le Bailly,Copyright 2018 The Crimson Pro Project Authors (https://github.com/Fonthausen/CrimsonPro),2
Crimson Text,OFL-1.1,ofl/crimsontext,Sebastian Kosch,Copyright 2010 The Crimson Text Project Authors (https://github.com/googlefonts/Crimson),6
Croissant One,OFL-1.1,ofl/croissantone,Eduardo Tunni,"Copyright (c) 2012, Eduardo Tunni (http://www.tipo.net.ar edu@tipo.net.ar), with Reserved Font Name \'Croissant\'",1
Cuprum,OFL-1.1,ofl/cuprum,Jovanny Lemonad,"Copyright 2020 The Cuprum Project Authors (https://github.com/alexeiva/cuprum), with Reserved Font Name \""Cuprum\"".",2
Cute Font,OFL-1.1,ofl/cutefont,TypoDesign Lab. Inc,COPYRIGHT  2004-2017 by TypoDesign Lab. Inc. All rights reserved. Font designed by TypoDesign Lab. Inc.,1
Cutive,OFL-1.1,ofl/cutive,Vernon Adams,"Copyright 2012 The Cutive Project Authors (https://github.com/googlefonts/CutiveFont), with Reserved Font Names \""Cutive\""",1
Cutive Mono,OFL-1.1,ofl/cutivemono,Vernon Adams,Copyright 2012 The Cutive Project Authors (https://github.com/googlefonts/cutivemono),1
Dai Banna SIL,OFL-1.1,ofl/daibannasil,SIL International,Copyright (c) 1998-2022 SIL International,10
Damion,OFL-1.1,ofl/damion,Vernon Adams,Copyright 2014 The Damion Project Authors (https://github.com/googlefonts/damionFont),1
Dancing Script,OFL-1.1,ofl/dancingscript,Impallari Type,"Copyright 2016 The Dancing Script Project Authors (https://github.com/googlefonts/DancingScript), with Reserved Font Name \'Dancing Script\'.",1
Danfo,OFL-1.1,ofl/danfo,"Afrotype, Seyi Olusanya, Eyiyemi Adegbite, David Udoh, Mirko Velimirović",Copyright 2024 The Tac Project Authors (https://github.com/Afrotype/Danfo),1
Dangrek,OFL-1.1,ofl/dangrek,Danh Hong,Copyright 2020 The Dangrek Project Authors (https://github.com/danhhong/Dangrek),1
Darker Grotesque,OFL-1.1,ofl/darkergrotesque,"Gabriel Lam, ViệtAnh Nguyễn",Copyright 2019 The Darker Grotesque Project Authors (https://github.com/bettergui/DarkerGrotesque),1
Darumadrop One,OFL-1.1,ofl/darumadropone,Maniackers Design,"Copyright 2020 The Darumadrop Project Authors (https://github.com/ManiackersDesign/darumadrop), all rights reserved.",1
Datatype,OFL-1.1,ofl/datatype,Frank Tisellano,Copyright 2026 The Datatype Project Authors (https://github.com/franktisellano/datatype),1
David Libre,OFL-1.1,ofl/davidlibre,"Monotype Imaging Inc., SIL International, Meir Sadan","Copyright 2016 The David Libre Project Authors (https://github.com/meirsadan/david-libre), with reserved font name \""Hadash\"", \""Gentium\"" and \'SIL\'.",3
Dawning of a New Day,OFL-1.1,ofl/dawningofanewday,Kimberly Geswein,"Copyright (c) 2010, Kimberly Geswein (kimberlygeswein.com kimberlygeswein@gmail.com)",1
Days One,OFL-1.1,ofl/daysone,Jovanny Lemonad,"Copyright (c) 2009 by Alexander Kalachev, Alexey Maslov, Jovanny Lemonad (lemonad@jovanny.ru). All rights reserved.",1
decovaralpha,OFL-1.1,ofl/decovaralpha,,Copyright 2016 The Decovar Project Authors (info@fontbureau.com),1
Dekko,OFL-1.1,ofl/dekko,Sorkin Type,"Copyright (c) 2000, Modular Infotech, Pune, INDIA. Copyright (c) 2014, Sorkin Type Co, Boston, MA, USA (www.sorkintype.com)",1
Dela Gothic One,OFL-1.1,ofl/delagothicone,artakana,Copyright 2020 The Dela Gothic Project Authors (https://github.com/syakuzen/DelaGothic),1
Delicious Handrawn,OFL-1.1,ofl/delicioushandrawn,Agung Rohmat,Copyright 2022 The Delicious Handrawn Project Authors (https://github.com/alphArtype/Delicious-Handrawn),1
Delius,OFL-1.1,ofl/delius,Natalia Raices,Copyright (c) 2010 by Natalia Raices (nraices@gmail.com). All rights reserved.,1
Delius Swash Caps,OFL-1.1,ofl/deliusswashcaps,Natalia Raices,"Copyright (c) 2010, 2011, Natalia Raices <nraices@gmail.com>, with Reserved Font Name \""Delius\"" \""Delius Unicase\"" \""Delius Swash Caps\"".",1
Delius Unicase,OFL-1.1,ofl/deliusunicase,Natalia Raices,"Copyright (c) 2010, 2011, Natalia Raices<nraices@gmail.com>, with Reserved Font Name \""Delius\"" \""Delius Unicase\"" \""Delius Swash Caps\"".",2
Della Respira,OFL-1.1,ofl/dellarespira,Nathan Willis,"Copyright (c) 2011-2012, Nathan Willis (nwillis@glyphography.com), with Reserved Font Names \""Della Respira\""",1
Denk One,OFL-1.1,ofl/denkone,Sorkin Type,Copyright 2012 The Denk One Project Authors (https://github.com/SorkinType/Voltaire) with Reserved Font Name \'Denk\'.,1
Devonshire,OFL-1.1,ofl/devonshire,Astigmatic,"Copyright (c) 2011 by Brian J. Bonislawsky DBA Astigmatic (AOETI) (astigma@astigmatic.com), with Reserved Font Name \""Devonshire\""",1
Dhurjati,OFL-1.1,ofl/dhurjati,Purushoth Kumar Guttula,"Copyright (c) 2012 Andhrapradesh Society for Knowledge Networks (fonts.siliconandhra.org). Copyright (c) 2014 Google, Inc.",1
Dhyana,OFL-1.1,ofl/dhyana,Vernon Adams,"Copyright (c) 2010-12, Vernon Adams (vern@newtypography.co.uk), with Reserved Font Names \""Nobile\"" and \""Dhyana\""",2
Didact Gothic,OFL-1.1,ofl/didactgothic,"Daniel Johnson, Cyreal",Copyright 2016 The Didact Gothic Project Authors (il.basso.buffo@gmail.com),1
Digital Numbers,OFL-1.1,ofl/digitalnumbers,Stephan Ahlf,"Copyright (c) 2015, Stephan Ahlf (https://github.com/s-a/digital-numbers-font stephan.ahlf@googlemail.com)",1
Diphylleia,OFL-1.1,ofl/diphylleia,"Minha Hyung, JAMO",Copyright 2022 The Diphylleia Project Authors (https://github.com/JAMO-TYPEFACE/Diphylleia),1
Diplomata,OFL-1.1,ofl/diplomata,Eduardo Tunni,"Copyright 2011 The Diplomata Project Authors (https://github.com/etunni/diplomata), with Reserved Font Name \""Diplomata\""",1
Diplomata SC,OFL-1.1,ofl/diplomatasc,Eduardo Tunni,"Copyright 2011 The Diplomata Project Authors (https://github.com/etunni/diplomata), with Reserved Font Name \""Diplomata\""",1
DM Mono,OFL-1.1,ofl/dmmono,Colophon Foundry,Copyright 2020 The DM Mono Project Authors (https://www.github.com/googlefonts/dm-mono),6
DM Sans,OFL-1.1,ofl/dmsans,Colophon Foundry,Copyright 2014 The DM Sans Project Authors (https://github.com/googlefonts/dm-fonts),2
DM Serif Display,OFL-1.1,ofl/dmserifdisplay,Colophon Foundry,"Copyright 2014 - 2017 Adobe Systems Incorporated (http://www.adobe.com/), with Reserved Font Name \'Source\'. Copyright 2019 Google LLC.",2
DM Serif Text,OFL-1.1,ofl/dmseriftext,Colophon Foundry,"Copyright 2014 - 2017 Adobe Systems Incorporated (http://www.adobe.com/), with Reserved Font Name \'Source\'. Copyright 2019 Google LLC.",2
Do Hyeon,OFL-1.1,ofl/dohyeon,Woowahan Brothers,Copyright 2018 The Do Hyeon Project Authors,1
Dokdo,OFL-1.1,ofl/dokdo,FONTRIX,Copyright (c) 2005-2017 FONTRIX. All Rights Reserved.,1
Domine,OFL-1.1,ofl/domine,Impallari Type,Copyright 2020 The Domine Project Authors (https://github.com/googlefonts/domine),1
Donegal One,OFL-1.1,ofl/donegalone,Gary Lonergan,"Copyright (c) 2012, Sorkin Type Co (www.sorkintype.com eben@eyebytes.com) with Reserved Font Name \'Donegal\'",1
Dongle,OFL-1.1,ofl/dongle,Yanghee Ryu,Copyright 2021 The Dongle Project Authors (https://github.com/yangheeryu/Dongle),3
Doppio One,OFL-1.1,ofl/doppioone,Szymon Celej,"Copyright (c) 2011, Sorkin Type Co (www.sorkintype.com eben@eyebytes.com), with Reserved Font Name \""Doppio\""",1
Dorsa,OFL-1.1,ofl/dorsa,Santiago Orozco,"Copyright (c) 2011, Santiago Orozco (hi@typemade.mx), with Reserved Font Name \""Dorsa\""",1
Dosis,OFL-1.1,ofl/dosis,Impallari Type,Copyright 2011 The Dosis Project Authors (https://github.com/googlefonts/dosis-vf),1
DotGothic16,OFL-1.1,ofl/dotgothic16,Fontworks Inc.,Copyright 2020 The DotGothic16 Project Authors (https://github.com/fontworks-fonts/DotGothic16/),1
Doto,OFL-1.1,ofl/doto,Óliver Lalan,Copyright 2024-2024 The Doto Project Authors (https://github.com/oliverlalan/Doto),1
Dotum,OFL-1.1,ofl/dotum,HanYang I&C Co.,Copyright 2024 The Gulim and Dotum Project Authors (https://github.com/googlefonts/gulim),1
DotumChe,OFL-1.1,ofl/dotumche,HanYang I&C Co.,Copyright 2024 The Gulim and Dotum Project Authors (https://github.com/googlefonts/gulim),1
Dr Sugiyama,OFL-1.1,ofl/drsugiyama,Sudtipos,"Copyright (c) 2004 Alejandro Paul (sudtipos@sudtipos.com), with Reserved Font Name \""Dr Sujiyama\""",1
Duru Sans,OFL-1.1,ofl/durusans,Onur Yazıcıgil,Copyright (c) 2010 by Sorkin Type Co (eben@eyebytes.com) with Reserved Font Name Duru.,1
Dynalight,OFL-1.1,ofl/dynalight,Astigmatic,"Copyright (c) 2011 by Brian J. Bonislawsky DBA Astigmatic (AOETI) (astigma@astigmatic.com), with Reserved Font Name \""Dynalight\""",1
DynaPuff,OFL-1.1,ofl/dynapuff,"Toshi Omagari, Jennifer Daniel",Copyright 2021 The DynaPuff Project Authors (https://github.com/googlefonts/dynapuff),1
Eagle Lake,OFL-1.1,ofl/eaglelake,Astigmatic,"Copyright (c) 2012 by Brian J. Bonislawsky DBA Astigmatic (AOETI) (astigma@astigmatic.com), with Reserved Font Name \""Eagle Lake\""",1
East Sea Dokdo,OFL-1.1,ofl/eastseadokdo,YoonDesign Inc,Copyright (c) YoonDesign Inc. All Rights Reserved.,1
Eater,OFL-1.1,ofl/eater,Typomondo,"Copyright (c) 2011, Vernon Adams DBA Typomondo (vern@newtypography.co.uk), with Reserved Font Name \""Eater\""",1
EB Garamond,OFL-1.1,ofl/ebgaramond,"Georg Duffner, Octavio Pardo",Copyright 2017 The EB Garamond Project Authors (https://github.com/octaviopardo/EBGaramond12),2
Economica,OFL-1.1,ofl/economica,Vicente Lamónaca,"Copyright (c) 2012, Vicente Lamonaca (produccion.taller@gmail.com www.tipografia-montevideo.info www.tipotype.com)",4
Eczar,OFL-1.1,ofl/eczar,"Rosetta, Vaibhav Singh",Copyright 2014 The Eczar Project Authors (https://github.com/rosettatype/eczar),1
Edu AU VIC WA NT Arrows,OFL-1.1,ofl/eduauvicwantarrows,"Tina Anderson, Corey Anderson",Copyright 2023 The VIC WA NT School Hand Australia Project Authors (https://github.com/SorkinType/VICWANTSchoolhandAustralia),1
Edu AU VIC WA NT Dots,OFL-1.1,ofl/eduauvicwantdots,"Tina Anderson, Corey Anderson",Copyright 2023 The VIC WA NT School Hand Australia Project Authors (https://github.com/SorkinType/VICWANTSchoolhandAustralia),1
Edu AU VIC WA NT Guides,OFL-1.1,ofl/eduauvicwantguides,"Tina Anderson, Corey Anderson",Copyright 2023 The VIC WA NT School Hand Australia Project Authors (https://github.com/SorkinType/VICWANTSchoolhandAustralia),1
Edu AU VIC WA NT Hand,OFL-1.1,ofl/eduauvicwanthand,"Tina Anderson, Corey Anderson",Copyright 2023 The VIC WA NT School Hand Australia Project Authors (https://github.com/SorkinType/VICWANTSchoolhandAustralia),1
Edu AU VIC WA NT Pre,OFL-1.1,ofl/eduauvicwantpre,"Tina Anderson, Corey Anderson",Copyright 2023 The VIC WA NT School Hand Australia Project Authors (https://github.com/SorkinType/VICWANTSchoolhandAustralia),1
Edu NSW ACT Foundation,OFL-1.1,ofl/edunswactfoundation,"Tina Anderson, Corey Anderson",Copyright 2022 The AU School Handwriting Fonts Project Authors (https://github.com/MezMerrit/AU-School-Handwriting-Fonts),1
Edu QLD Beginner,OFL-1.1,ofl/eduqldbeginner,"Tina Anderson, Corey Anderson",Copyright 2022 The AU School Handwriting Fonts Project Authors (https://github.com/MezMerrit/AU-School-Handwriting-Fonts),1
Edu SA Beginner,OFL-1.1,ofl/edusabeginner,"Tina Anderson, Corey Anderson",Copyright 2022 The AU School Handwriting Fonts Project Authors (https://github.com/MezMerrit/AU-School-Handwriting-Fonts),1
Edu TAS Beginner,OFL-1.1,ofl/edutasbeginner,"Tina Anderson, Corey Anderson",Copyright 2022 The AU School Handwriting Fonts Project Authors (https://github.com/MezMerrit/AU-School-Handwriting-Fonts),1
Edu VIC WA NT Beginner,OFL-1.1,ofl/eduvicwantbeginner,"Tina Anderson, Corey Anderson",Copyright 2022 The AU School Handwriting Fonts Project Authors (https://github.com/MezMerrit/AU-School-Handwriting-Fonts),1
Ek Mukta,OFL-1.1,ofl/ekmukta,Ek Type,"Copyright (c) 2014, Girish Dalvi, Ek Type. All rights reserved.",7
Electrolize,OFL-1.1,ofl/electrolize,Gaslight,"Copyright (c) 2011, Cyreal (www.cyreal.org a@cyreal.org) with Reserved Font Name \""Electrolize\"" This Font Software is licensed under the SIL Open Font License, Version 1.1. This license is available with a FAQ at: http://scripts.sil.org/OFL",1
El Messiri,OFL-1.1,ofl/elmessiri,"Mohamed Gaber, Jovanny Lemonad",Copyright 2015 The El Messiri Project Authors (https://github.com/Gue3bara/El-Messiri),1
Elms Sans,OFL-1.1,ofl/elmssans,"Amarachi Nwauwa, Gida Type Studio",Copyright 2025 The Elms Sans Project Authors (https://github.com/mara-aa/elms-sans.git),2
Elsie,OFL-1.1,ofl/elsie,Alejandro Inler,"Copyright (c) 2010-2012, Alejandro Inler (alejandroinler@gmail.com), with Reserved Font Name \'Elsie\'",2
Elsie Swash Caps,OFL-1.1,ofl/elsieswashcaps,Alejandro Inler,"Copyright (c) 2010-2012, Alejandro Inler (alejandroinler@gmail.com), with Reserved Font Name \'Elsie\'",2
Emblema One,OFL-1.1,ofl/emblemaone,Riccardo De Franceschi,"Copyright (c) 2011 by Sorkin Type Co (eben@eyebytes.com) with Reserved Font Names \""Emblema\"" and \""Emblema One\""",1
Emilys Candy,OFL-1.1,ofl/emilyscandy,Neapolitan,"Copyright (c) 2012 by Font Diner, Inc DBA Neapolitan (diner@fontdiner.com) with Reseved Font Name \""Emilys Candy\""",1
Encode Sans,OFL-1.1,ofl/encodesans,"Impallari Type, Andres Torresi, Jacques Le Bailly","Copyright 2020 The Encode Project Authors (https://github.com/thundernixon/Encode-Sans), with Reserved Font Name \'Encode Sans\'.",1
Encode Sans Condensed,OFL-1.1,ofl/encodesanscondensed,"Impallari Type, Andres Torresi, Jacques Le Bailly","Copyright 2012 The Encode Project Authors (impallari@gmail.com), with Reserved Font Name \""Encode Sans\"".",9
Encode Sans Expanded,OFL-1.1,ofl/encodesansexpanded,"Impallari Type, Andres Torresi, Jacques Le Bailly","Copyright 2012 The Encode Project Authors (impallari@gmail.com), with Reserved Font Name \""Encode Sans\"".",9
Encode Sans SC,OFL-1.1,ofl/encodesanssc,"Impallari Type, Andres Torresi, Jacques Le Bailly","Copyright 2020 The Encode Project Authors (https://github.com/thundernixon/Encode-Sans), with Reserved Font Name \'Encode Sans\'.",1
Encode Sans Semi Condensed,OFL-1.1,ofl/encodesanssemicondensed,"Impallari Type, Andres Torresi, Jacques Le Bailly","Copyright 2012 The Encode Project Authors (impallari@gmail.com), with Reserved Font Name \""Encode Sans\"".",9
Encode Sans Semi Expanded,OFL-1.1,ofl/encodesanssemiexpanded,"Impallari Type, Andres Torresi, Jacques Le Bailly","Copyright 2012 The Encode Project Authors (impallari@gmail.com), with Reserved Font Name \""Encode Sans\"".",9
Engagement,OFL-1.1,ofl/engagement,Astigmatic,"Copyright (c) 2011 by Brian J. Bonislawsky DBA Astigmatic (AOETI) (astigma@astigmatic.com), with Reserved Font Name \""Engagement\""",1
Englebert,OFL-1.1,ofl/englebert,Astigmatic,Copyright 2012 The Englebert Project Authors (https://github.com/librefonts/englebert),1
Enriqueta,OFL-1.1,ofl/enriqueta,FontFuror,Copyright 2018 The Enriqueta Project Authors (https://github.com/vv-monsalve/Enriqueta_2019),4
Ephesis,OFL-1.1,ofl/ephesis,Robert Leuschke,Copyright 2004-2021 The Ephesis Project Authors (https://github.com/googlefonts/ephesis),1
Epilogue,OFL-1.1,ofl/epilogue,"Tyler Finck, ETC",Copyright 2020 The Epilogue Project Authors (https://github.com/Etcetera-Type-Co/Epilogue),2
Epunda Sans,OFL-1.1,ofl/epundasans,Typofactur,Copyright 2024 The Epunda Sans Project Authors (https://github.com/typofactur/epundasans.git),2
Epunda Slab,OFL-1.1,ofl/epundaslab,Typofactur,Copyright 2023 The Epunda Slab Project Authors (https://github.com/typofactur/epundaslab.git),2
Erica One,OFL-1.1,ofl/ericaone,Miguel Hernandez,"Copyright (c) 2011 by LatinoType Limitada (info@latinotype.com), with Reserved Font Names \""Erica\"" \""Erica One\""",1
Esteban,OFL-1.1,ofl/esteban,Angélica Díaz,"Copyright (c) 2011, Angelica Diaz Rivera (www.typereview.wordpress.com angiecina@gmail.com), with Reserved Font Name \""Esteban\""",1
Estedad,OFL-1.1,ofl/estedad,"Amin Abedi, Fontamin",Copyright 2026 The Estedad Project Authors (https://github.com/aminabedi68/Estedad),1
Estonia,OFL-1.1,ofl/estonia,Robert Leuschke,Copyright 2010-2021 The Estonia Project Authors (https://github.com/googlefonts/estonia),1
Euphoria Script,OFL-1.1,ofl/euphoriascript,Sabrina Mariela Lopez,"Copyright (c) 2012 Sabrina Mariela Lopez (typesenses@live.com.ar), with Reserved Font Name \""Euphoria Script\""",1
Ewert,OFL-1.1,ofl/ewert,"Johan Kallas, Mihkel Virkus","Copyright (c) 2011, Johan Kallas (johankallas@gmail.com), Copyright (c) 2011 Mihkel Virkus (mihkelvirkus@gmail.com) with Reserved Font Name Ewert.",1
Exile,OFL-1.1,ofl/exile,Bartłomiej Rózga,Copyright 2022 The Exile Project Authors (https://github.com/rozgatype/Exile),1
Exo,OFL-1.1,ofl/exo,"Natanael Gama, Robin Mientjes",Copyright 2017 The Exo Project Authors (https://github.com/NDISCOVER/Exo-1.0),2
Exo 2,OFL-1.1,ofl/exo2,Natanael Gama,Copyright 2013 The Exo 2 Project Authors (https://github.com/googlefonts/Exo-2.0),2
Expletus Sans,OFL-1.1,ofl/expletussans,Designtown,Copyright 2019 The Expletus Sans Project Authors (https://github.com/googlefonts/Expletus-Sans),2
Explora,OFL-1.1,ofl/explora,Robert Leuschke,Copyright 2011 The Explora Project Authors (https://github.com/googlefonts/explora),1
Faculty Glyphic,OFL-1.1,ofl/facultyglyphic,Koto Studio,Copyright 2024 The Faculty Glyphic Project Authors (https://github.com/DylanYoungKoto/FacultyGlyphic),1
Fahkwang,OFL-1.1,ofl/fahkwang,Cadson Demak,Copyright 2018 The Fahkwang Project Authors (https://github.com/cadsondemak/Fah-Kwang),12
Familjen Grotesk,OFL-1.1,ofl/familjengrotesk,Familjen STHLM AB,Copyright 2021 The Familjen Grotesk Project Authors (https://github.com/Familjen-Sthlm/Familjen-Grotesk),2
Fanwood Text,OFL-1.1,ofl/fanwoodtext,Barry Schwartz,"Copyright (c) 2011, Barry Schwartz (chemoelectric@chemoelectric.org)",2
Farro,OFL-1.1,ofl/farro,Grayscale,Copyright 2018 The Farro Project Authors (https://github.com/grayscaleltd/farro),4
Farsan,OFL-1.1,ofl/farsan,Pooja Saxena,Copyright (c) 2014 Pooja Saxena (www.poojasaxena.in),1
Fascinate,OFL-1.1,ofl/fascinate,Astigmatic,"Copyright (c) 2011 by Brian J. Bonislawsky DBA Astigmatic (AOETI) (astigma@astigmatic.com), with Reserved Font Name \""Fascinate\""",1
Fascinate Inline,OFL-1.1,ofl/fascinateinline,Astigmatic,"Copyright (c) 2011 by Brian J. Bonislawsky DBA Astigmatic (AOETI) (astigma@astigmatic.com), with Reserved Font Name \""Fascinate Inline\""",1
Faster One,OFL-1.1,ofl/fasterone,Eduardo Tunni,"Copyright 2012 The Faster Project Authors (https://github.com/etunni/faster), with Reserved Font Name \'Faster\'",1
Fasthand,OFL-1.1,ofl/fasthand,"Danh Hong, Neapolitan",Copyright 2020 The Fasthand Project Authors (https://github.com/danhhong/Fasthand),1
Fauna One,OFL-1.1,ofl/faunaone,Eduardo Tunni,Copyright 2013 The Fauna One Project Authors (https://github.com/etunni/fauna-one) with Reserved Font Name \'Fauna\',1
Faustina,OFL-1.1,ofl/faustina,Omnibus-Type,Copyright 2019 The Faustina Project Authors (https://github.com/Omnibus-Type/Faustina),2
Federant,OFL-1.1,ofl/federant,Cyreal,"Copyright (c) 2011, Cyreal (www.cyreal.org), with Reserved Font Name \'Federant\'.",1
Federo,OFL-1.1,ofl/federo,Cyreal,Copyright (c) 2011 by Olexa M. Volochay | Cyreal.org (a@cyreal.org). All rights reserved.,1
Felipa,OFL-1.1,ofl/felipa,Fontstage,"Copyright (c) 2011 Fontstage (info@fontstage.com), with Reserved Font Name \""Felipa\""",1
Fenix,OFL-1.1,ofl/fenix,Fernando Díaz,"Copyright (c) 2012, Fernando Diaz (www.ferfolio.com fer@ferfolio.com) with Reserved Font Name \'Fenix\'",1
Festive,OFL-1.1,ofl/festive,Robert Leuschke,Copyright 2015 The Festive Pro Project Authors (https://github.com/googlefonts/festive),1
Figtree,OFL-1.1,ofl/figtree,Erik Kennedy,Copyright 2022 The Figtree Project Authors (https://github.com/erikdkennedy/figtree),2
Finger Paint,OFL-1.1,ofl/fingerpaint,Carrois Apostrophe,"Copyright (c) 2011 by Ralph du Carrois, with Reserved Font Name \'Finger Paint\'",1
Finlandica,OFL-1.1,ofl/finlandica,"Helsinki Type Studio, Niklas Ekholm, Juho Hiilivirta, Jaakko Suomalainen",Copyright 2015 The Finlandica Project Authors (https://github.com/HelsinkiTypeStudio/Finlandica),2
Finlandica Headline,OFL-1.1,ofl/finlandicaheadline,"Helsinki Type Studio, Niklas Ekholm, Juho Hiilivirta, Jaakko Suomalainen",Copyright 2015 The Finlandica Project Authors (https://github.com/HelsinkiTypeStudio/Finlandica),2
Finlandica Text,OFL-1.1,ofl/finlandicatext,"Helsinki Type Studio, Niklas Ekholm, Juho Hiilivirta, Jaakko Suomalainen",Copyright 2015 The Finlandica Project Authors (https://github.com/HelsinkiTypeStudio/Finlandica),2
Fira Code,OFL-1.1,ofl/firacode,"The Mozilla Foundation, Telefonica S.A., Nikita Prokopov",Copyright 2014-2020 The Fira Code Project Authors (https://github.com/tonsky/FiraCode),1
Fira Mono,OFL-1.1,ofl/firamono,Carrois Apostrophe,"Digitized data copyright  2012-2015, The Mozilla Foundation and Telefonica S.A.",3
Fira Sans,OFL-1.1,ofl/firasans,Carrois Apostrophe,"Digitized data copyright 2012-2016, The Mozilla Foundation and Telefonica S.A.",18
Fira Sans Condensed,OFL-1.1,ofl/firasanscondensed,Carrois Apostrophe,"Digitized data copyright 2012-2016, The Mozilla Foundation and Telefonica S.A.",18
Fira Sans Extra Condensed,OFL-1.1,ofl/firasansextracondensed,Carrois Apostrophe,"Digitized data copyright 2012-2016, The Mozilla Foundation and Telefonica S.A.",18
Fjalla One,OFL-1.1,ofl/fjallaone,"Sorkin Type, Irina Smirnova",Copyright 2012 The Fjalla Project Authors (https://github.com/SorkinType/FjallaOne),1
Fjord One,OFL-1.1,ofl/fjordone,Viktoriya Grabowska,"Copyright (c) 2011, Sorkin Type Co (www.sorkintype.com eben@eyebytes.com) with Reserved Font Names \""Fjord\"" and \""Fjord One\"" This Font Software is licensed under the SIL Open Font License, Version 1.1. This license is copied below, and is also available with a FAQ at: http://scripts.sil.org/OFL",1
Flamenco,OFL-1.1,ofl/flamenco,LatinoType,"Copyright (c) 2011 by LatinoType Limitada (info@latinotype.com), with Reserved Font Names \""Flamenco\""",2
Flavors,OFL-1.1,ofl/flavors,Sideshow,"Copyright (c) 2011 by Font Diner, Inc DBA Sideshow (diner@fontdiner.com) with Reserved Font Name \""Flavors\""",1
Fleur De Leah,OFL-1.1,ofl/fleurdeleah,Robert Leuschke,Copyright 2008-2021 The Fleur De Leah Project Authors (https://github.com/googlefonts/fleurdeleah),1
Flow Block,OFL-1.1,ofl/flowblock,Dan Ross,Copyright 2020 The Flow Project Authors (https://github.com/HYPD/flow-typeface),1
Flow Circular,OFL-1.1,ofl/flowcircular,Dan Ross,Copyright 2020 The Flow Project Authors (https://github.com/HYPD/flow-typeface),1
Flow Rounded,OFL-1.1,ofl/flowrounded,Dan Ross,Copyright 2020 The Flow Project Authors (https://github.com/HYPD/flow-typeface),1
Foldit,OFL-1.1,ofl/foldit,Sophia Tai,Copyright 2021-2022 The Foldit Font Project Authors (https://www.github.com/sophiadesign/GF-Foldit),1
Fondamento,OFL-1.1,ofl/fondamento,Astigmatic,"Copyright (c) 2011 by Brian J. Bonislawsky DBA Astigmatic (AOETI) (astigma@astigmatic.com), with Reserved Font Name \""Fondamento\""",2
Forum,OFL-1.1,ofl/forum,Denis Masharov,"Copyright (c) 2011, Denis Masharov <denis.masharov@gmail.com>. This Font Software is licensed under the SIL Open Font License, Version 1.1. This license is available with a FAQ at: http://scripts.sil.org/OFL",1
Fragment Mono,OFL-1.1,ofl/fragmentmono,"Wei Huang, URW Design Studio",Copyright 2022 The Fragment-Mono Project Authors (https://github.com/weiweihuanghuang/fragment-mono),2
Fragment Mono SC,OFL-1.1,ofl/fragmentmonosc,"Wei Huang, URW Design Studio",Copyright 2022 The Fragment-Mono Project Authors (https://github.com/weiweihuanghuang/fragment-mono),2
Francois One,OFL-1.1,ofl/francoisone,Vernon Adams,Copyright 2011 The Francois One Project Authors (contact@sansoxygen.com),1
Frank Ruhl Libre,OFL-1.1,ofl/frankruhllibre,Yanek Iontef,Copyright 2015 The Frank Ruhl Libre Project Authors (https://github.com/fontef/frankruhllibre),1
Fraunces,OFL-1.1,ofl/fraunces,"Undercase Type, Phaedra Charles, Flavia Zimbardi",Copyright 2020 The Fraunces Project Authors (github.com/undercasetype/Fraunces),2
Freckle Face,OFL-1.1,ofl/freckleface,Astigmatic,"Copyright (c) 2012 by Brian J. Bonislawsky DBA Astigmatic (AOETI) (astigma@astigmatic.com), with Reserved Font Name \""Freckle Face\""",1
Fredericka the Great,OFL-1.1,ofl/frederickathegreat,Tart Workshop,"Copyright (c) 2011 by Font Diner, Inc DBA Tart Workshop (diner@fontdiner.com) with Reseved Font Name \""Fredericka the Great\""",1
Fredoka,OFL-1.1,ofl/fredoka,"Milena Brandão, Hafontia",Copyright 2016 The Fredoka Project Authors (https://github.com/hafontia/Fredoka-One),1
Freehand,OFL-1.1,ofl/freehand,Danh Hong,Copyright 2020 The Freehand Project Authors (https://github.com/danhhong/Freehand),1
Freeman,OFL-1.1,ofl/freeman,"Rodrigo Fuenzalida, Aoife Mooney, Vernon Adams",Copyright 2023 The Freeman Project Authors (https://github.com/rfuenzalida/Freeman),1
Fresca,OFL-1.1,ofl/fresca,Fontstage,"Copyright (c) 2011 Fontstage (info@fontstage.com), with Reserved Font Name \""Fresca\""",1
Frijole,OFL-1.1,ofl/frijole,Sideshow,"Copyright (c) 2011 by Font Diner, Inc DBA Sideshow (diner@fontdiner.com) with Reserved Font Name \""Frijole\""",1
Fruktur,OFL-1.1,ofl/fruktur,"Viktoriya Grabowska, Eben Sorkin",Copyright 2022 The Fruktur Project Authors (https://github.com/SorkinType/Fruktur),2
Fugaz One,OFL-1.1,ofl/fugazone,LatinoType,"Copyright (c) 2011 by LatinoType Limitada (info@latinotype.com), with Reserved Font Names \""Fugaz\"" and \""Fugaz One\""",1
Fuggles,OFL-1.1,ofl/fuggles,Robert Leuschke,Copyright 2021 The Fuggles Pro Project Authors (https://github.com/googlefonts/fuggles),1
Funnel Display,OFL-1.1,ofl/funneldisplay,"NORD ID, Kristian Möller",Copyright 2023 The Funnel Project Authors (https://github.com/Dicotype/Funnel),1
Funnel Sans,OFL-1.1,ofl/funnelsans,"NORD ID, Kristian Möller",Copyright 2023 The Funnel Project Authors (https://github.com/Dicotype/Funnel),2
Fustat,OFL-1.1,ofl/fustat,"Mohamed Gaber, Laura Garcia Mut, Khaled Hosny",Copyright 2022 The Fustat Project Authors (https://github.com/Kief-Type-Foundry/Fustat),1
Fuzzy Bubbles,OFL-1.1,ofl/fuzzybubbles,Robert Leuschke,Copyright 2005 The Fuzzy Bubbles Project Authors (https://github.com/googlefonts/fuzzy-bubbles),2
Gabarito,OFL-1.1,ofl/gabarito,"Naipe Foundry, Leandro Assis, Álvaro Franca, Felipe Casaprima",Copyright 2023 The Gabarito Project Authors (https://github.com/naipefoundry/gabarito),1
Gabriela,OFL-1.1,ofl/gabriela,Eduardo Tunni,"Copyright 2013 The Gabriela Project Authors (https://github.com/etunni/Gabriela), with Reserved Font Name \""Gabriela\"".",1
Gaegu,OFL-1.1,ofl/gaegu,JIKJI SOFT,Copyright 2018 The Gaegu Project Authors,3
Gafata,OFL-1.1,ofl/gafata,Lautaro Hourcade,"Copyright (c) 2010-2012, Lautaro Hourcade (lautaro.uy@gmail.com), with Reserved Font Name \'Gafata\'",1
Gajraj One,OFL-1.1,ofl/gajrajone,Saurabh Sharma,Copyright 2022 The GajrajOne Project Authors (https://github.com/xconsau/gajrajone),1
Galada,OFL-1.1,ofl/galada,Black Foundry,Copyright (c) 2010 by Pablo Impallari (www.impallari.com). Copyright (c) 2015 by black foundry (www.black-foundry.com),1
Galdeano,OFL-1.1,ofl/galdeano,Dario Manuel Muhafara,"Copyright (c) 2011, Dario Manuel Muhafara (http://www.tipo.net.ar dario@tipo.net.ar), with Reserved Font Name \""Galdeano\"".",1
Galindo,OFL-1.1,ofl/galindo,Astigmatic,"Copyright (c) 2012 by Brian J. Bonislawsky DBA Astigmatic (AOETI) (astigma@astigmatic.com), with Reserved Font Name \""Galindo\""",1
Ga Maamli,OFL-1.1,ofl/gamaamli,"Afotey Clement Nii Odai, Ama Diaka, David Abbey-Thompson",Copyright 2023 The Ga Maamli Project Authors (https://github.com/SorkinType/GaMaamli),1
Gamja Flower,OFL-1.1,ofl/gamjaflower,YoonDesign Inc,Copyright (c) YoonDesign Inc. All Rights Reserved.,1
Gantari,OFL-1.1,ofl/gantari,Lafontype,Copyright 2022 The Gantari Project Authors (https://github.com/Lafontype/Gantari),2
Gasoek One,OFL-1.1,ofl/gasoekone,"Jiashuo Zhang, JAMO",Copyright 2022 The Gasoek Project Authors (https://github.com/JAMO-TYPEFACE/Gasoek),1
Gayathri,OFL-1.1,ofl/gayathri,"SMC, Binoy Dominic",Copyright 2019 The Gayathri Project Authors (https://gitlab.com/smc/fonts/gayathri),3
Geist,OFL-1.1,ofl/geist,"Andrés Briganti, Mateo Zaragoza, Guillermo Rauch, Evil Rabbit, José Rago, Facundo Santana",Copyright 2024 The Geist Project Authors (https://github.com/vercel/geist-font),2
Geist Mono,OFL-1.1,ofl/geistmono,"Andrés Briganti, Mateo Zaragoza, Guillermo Rauch, Evil Rabbit, José Rago, Facundo Santana",Copyright 2024 The Geist Project Authors (https://github.com/vercel/geist-font.git),2
Geist Pixel,OFL-1.1,ofl/geistpixel,"Andrés Briganti, Evil Rabbit, Guillermo Rauch",Copyright 2026 The Geist Project Authors (https://github.com/vercel/geist-font),1
Gelasio,OFL-1.1,ofl/gelasio,Eben Sorkin,Copyright 2022 The Gelasio Project Authors (https://github.com/SorkinType/Gelasio),2
Gemunu Libre,OFL-1.1,ofl/gemunulibre,Mooniak,Copyright 2021 The Gemunu Libre Project Authors (https://github.com/mooniak/gemunu-libre-font/),1
Genos,OFL-1.1,ofl/genos,Robert Leuschke,Copyright 2011 The Genos Project Authors (https://github.com/googlefonts/genos),2
Gentium Book Plus,OFL-1.1,ofl/gentiumbookplus,SIL International,Copyright (c) 2003-2022 SIL International,4
Gentium Plus,OFL-1.1,ofl/gentiumplus,SIL International,Copyright (c) 2003-2022 SIL International,4
Geo,OFL-1.1,ofl/geo,Ben Weiner,"Copyright (c) 2000-2010, Ben Weiner (ben@readingtype.org.uk), with Reserved Font Name Geo.",2
Geologica,OFL-1.1,ofl/geologica,"Monokrom, Sindre Bremnes, Frode Helland",Copyright 2020 The Geologica Project Authors (https://github.com/googlefonts/geologica),1
Geom,OFL-1.1,ofl/geom,Thanos Poulakidas,Copyright 2022 The Geom Project Authors (https://github.com/ThanosPoulakidas/Geom),2
Geomini,OFL-1.1,ofl/geomini,FontBob,Copyright 2026 The Geomini Project Authors (https://github.com/fontbob/geomini),1
Georama,OFL-1.1,ofl/georama,Production Type,Copyright 2020 The Georama Project Authors (http://github.com/productiontype/georama),2
Geostar,OFL-1.1,ofl/geostar,Joe Prince,"Copyright (c) 2011, Admix Designs (http://www.admixdesigns.com joe@admixdesigns.com) with Reserved Font Name Geostar.",1
Geostar Fill,OFL-1.1,ofl/geostarfill,Joe Prince,"Copyright (c) 2011, Admix Designs (http://www.admixdesigns.com joe@admixdesigns.com) with Reserved Font Name Geostar.",1
Germania One,OFL-1.1,ofl/germaniaone,John Vargas Beltrán,"Copyright (c) 2011 by John Vargas Beltran (john.vargasbeltran@gmail.com), with Reserved Font Name \""Germania One\""",1
GFS Didot,OFL-1.1,ofl/gfsdidot,Greek Font Society,"Copyright (c) Takis Katsoulidis and George D. Matthiopoulos (gfs@greekfontsociety.gr), 2001. All rights reserved.",1
GFS Neohellenic,OFL-1.1,ofl/gfsneohellenic,Greek Font Society,"Copyright (c) Takis Katsoulidis and George D. Matthiopoulos (gfs@greekfontsociety.gr), 1993-2001. All rights reserved.",4
Gideon Roman,OFL-1.1,ofl/gideonroman,Robert Leuschke,Copyright 2009-2021 The Gideon Roman Project Authors (https://github.com/googlefonts/gideon),1
Gidole,OFL-1.1,ofl/gidole,Andreas Larsen,Copyright 2015 The Gidole Project Authors (https://github.com/googlefonts/gidole),1
Gidugu,OFL-1.1,ofl/gidugu,Purushoth Kumar Guttula,Copyright 2025 The Gidugu Project Authors (https://github.com/googlefonts/gidugu),1
Gilda Display,OFL-1.1,ofl/gildadisplay,Eduardo Tunni,Copyright 2012 The Gilda Display Project Authors (https://github.com/etunni/gilda-display) with Reserved Font Name \'Gilda\'.,1
Girassol,OFL-1.1,ofl/girassol,Liam Spradlin,Copyright 2019 The Girassol Project Authors (https://github.com/liamspradlin/Girassol-Display),1
Give You Glory,OFL-1.1,ofl/giveyouglory,Kimberly Geswein,"Copyright (c) 2010, Kimberly Geswein (kimberlygeswein.com kimberlygeswein@gmail.com). This Font Software is licensed under the SIL Open Font License, Version 1.1. This license is available with a FAQ at: http://scripts.sil.org/OFL",1
Glass Antiqua,OFL-1.1,ofl/glassantiqua,Denis Masharov,"Copyright (c) 2011, Denis Masharov <denis.masharov@gmail.com>.",1
Glegoo,OFL-1.1,ofl/glegoo,Eduardo Tunni,"Copyright (c) 2011, Eduardo Tunni (http://www.tipo.net.ar), Copyright 2011-13 Lohit Fonts Project contributors (http://fedorahosted.org/lohit)",2
Gloock,OFL-1.1,ofl/gloock,Duarte Pinto,Copyright 2022 The Gloock Project Authors (https://github.com/duartp/gloock),1
Gloria Hallelujah,OFL-1.1,ofl/gloriahallelujah,Kimberly Geswein,"Copyright (c) 2010, Kimberly Geswein (kimberlygeswein.com kimberlygeswein@gmail.com)",1
Glory,OFL-1.1,ofl/glory,Robert Leuschke,Copyright 2016-2020 The Glory Project Authors (https://github.com/googlefonts/glory),2
Gluten,OFL-1.1,ofl/gluten,"Tyler Finck, ETC",Copyright 2020 The Gluten Project Authors (https://github.com/Etcetera-Type-Co/Gluten),1
Goblin One,OFL-1.1,ofl/goblinone,Riccardo De Franceschi,"Copyright (c) 2011, Sorkin Type Co (www.sorkintype.com eben@eyebytes.com) with Reserved Font Name \""Goblin\"". This Font Software is licensed under the SIL Open Font License, Version 1.1. This license is available with a FAQ at: http://scripts.sil.org/OFL",1
Gochi Hand,OFL-1.1,ofl/gochihand,HT Fonts,"Copyright (c) 2011, HT Fonts (www.htfonts.com info@htfonts.com), with Reserved Font Names \""Gochi\"" and \""Gochi Hand\""",1
Goldman,OFL-1.1,ofl/goldman,Jaikishan Patel,Copyright 2018 The Goldman Project Authors (https://github.com/magictype/goldman),2
Golos Text,OFL-1.1,ofl/golostext,"Alexandra Korolkova, Vitaly Kuzmin",Copyright 2019 The Golos Text Project Authors (https://github.com/googlefonts/golos-text),1
Google Sans Code,OFL-1.1,ofl/googlesanscode,"Google, Universal Thirst",Copyright 2025 The Google Sans Code Project Authors (github.com/googlefonts/googlesans-code),2
Gorditas,OFL-1.1,ofl/gorditas,Gustavo Dipre,"Copyright (c) 2011, Gustavo Dipre (gbrenda1987@gmail.com), with Reserved Font Name \""Gorditas\"".",2
Gothic A1,OFL-1.1,ofl/gothica1,HanYang I&C Co,"(C) Copyright HanYang I&C Co.,Ltd. All rights reserved.",9
Gotu,OFL-1.1,ofl/gotu,Ek Type,"Copyright (c) 2016, Ek Type. All rights reserved.",1
Goudy Bookletter 1911,OFL-1.1,ofl/goudybookletter1911,Barry Schwartz,"Copyright (c) 2010, Barry Schwartz (crudfactory.com chemoelectric@chemoelectric.org)",1
Gowun Batang,OFL-1.1,ofl/gowunbatang,Yanghee Ryu,Copyright 2021 The Gowun Batang Project Authors (https://github.com/yangheeryu/Gowun-Batang),2
Gowun Dodum,OFL-1.1,ofl/gowundodum,Yanghee Ryu,Copyright 2021 The Gowun Dodum Project Authors (https://github.com/yangheeryu/Gowun-Dodum),1
Graduate,OFL-1.1,ofl/graduate,Eduardo Tunni,"Copyright 2012 The Graduate Project Authors (https://github.com/etunni/graduate) with Reserved Font Name \""Graduate\""",1
Grand Hotel,OFL-1.1,ofl/grandhotel,Astigmatic,"Copyright (c) 2012 by Brian J. Bonislawsky DBA Astigmatic (AOETI) (astigma@astigmatic.com), with Reserved Font Name \""Grand Hotel\""",1
Grandiflora One,OFL-1.1,ofl/grandifloraone,"Haesung Cho, JAMO",Copyright 2022 The Grandiflora Project Authors (https://github.com/JAMO-TYPEFACE/Grandiflora),1
Grandstander,OFL-1.1,ofl/grandstander,"Tyler Finck, ETC",Copyright 2020 The Grandstander Project Authors (https://github.com/Etcetera-Type-Co/Grandstander),2
Grape Nuts,OFL-1.1,ofl/grapenuts,Robert Leuschke,Copyright 2003 The Grape Nuts Project Authors (https://github.com/googlefonts/grapenuts),1
Gravitas One,OFL-1.1,ofl/gravitasone,Riccardo De Franceschi,"Copyright (c) 2011, Sorkin Type Co (www.sorkintype.com eben@eyebytes.com) with Reserved Font Name \""Gravitas\"". This Font Software is licensed under the SIL Open Font License, Version 1.1. This license is available with a FAQ at: http://scripts.sil.org/OFL",1
Great Vibes,OFL-1.1,ofl/greatvibes,Robert Leuschke,Copyright 2010 The Great Vibes Pro Project Authors (https://github.com/googlefonts/great-vibes),1
Grechen Fuemen,OFL-1.1,ofl/grechenfuemen,Robert Leuschke,Copyright 2003-2021 The Grechen Fuemen Project Authors (https://github.com/googlefonts/grechen-fuemen),1
Grenze,OFL-1.1,ofl/grenze,Omnibus-Type,"Copyright 2019, The Grenze Project Authors (https://github.com/Omnibus-Type/Grenze)",2
Grenze Gotisch,OFL-1.1,ofl/grenzegotisch,Omnibus-Type,Copyright 2020 The Grenze Gotisch Project Authors (https://github.com/Omnibus-Type/Grenze-Gotisch),1
Grey Qo,OFL-1.1,ofl/greyqo,Robert Leuschke,Copyright 2008-2021 The Grey Qo Project Authors (https://github.com/googlefonts/grey-qo),1
Griffy,OFL-1.1,ofl/griffy,Neapolitan,"Copyright (c) 2012 by Font Diner, Inc DBA Neapolitan (diner@fontdiner.com) with Reseved Font Name \""Griffy\""",1
Gruppo,OFL-1.1,ofl/gruppo,Vernon Adams,Copyright 2010 The Gruppo Project Authors (https://github.com/googlefonts/GruppoFont),1
Gudea,OFL-1.1,ofl/gudea,Agustina Mingote,"Copyright (c) 2012, Agustina Mingote (agustinamingote@gmail.com), with Reserved Font Names \""Gudea\""",3
Gugi,OFL-1.1,ofl/gugi,TAE System & Typefaces Co.,Copyright (c) 2017 by TAE System & Typefaces Co.. All rights reserved.,1
Gulim,OFL-1.1,ofl/gulim,HanYang I&C Co.,Copyright 2024 The Gulim and Dotum Project Authors (https://github.com/googlefonts/gulim),1
GulimChe,OFL-1.1,ofl/gulimche,HanYang I&C Co.,Copyright 2024 The Gulim and Dotum Project Authors (https://github.com/googlefonts/gulim),1
Gulzar,OFL-1.1,ofl/gulzar,"Borna Izadpanah, Fiona Ross, Alice Savoie, Simon Cozens",Copyright 2021 The Gulzar Project Authors (http://github.com/googlefonts/gulzar/),1
Gungsuh,OFL-1.1,ofl/gungsuh,HanYang I&C Co.,Copyright 2024 The Batang and Gungsuh Project Authors (https://github.com/googlefonts/batang),1
GungsuhChe,OFL-1.1,ofl/gungsuhche,HanYang I&C Co.,Copyright 2024 The Batang and Gungsuh Project Authors (https://github.com/googlefonts/batang),1
Gupter,OFL-1.1,ofl/gupter,Octavio Pardo,Copyright 2019 The Gupter Project Authors (https://github.com/octaviopardo/GUPTER),3
Gurajada,OFL-1.1,ofl/gurajada,Purushoth Kumar Guttula,Copyright (c) 2012 Silicon Andhra (fonts.siliconandhra.org),1
Gveret Levin,OFL-1.1,ofl/gveretlevin,AlefAlefAlef,Copyright 2024 The Gveret Levin Project Authors (https://github.com/AlefAlefAlef/gveret-levin),1
Gwendolyn,OFL-1.1,ofl/gwendolyn,Robert Leuschke,Copyright 2015 The Gwendolyn Project Authors (https://github.com/googlefonts/gwendolyn),2
Habibi,OFL-1.1,ofl/habibi,Magnus Gaarde,"Copyright (c) 2011, Sorkin Type Co (www.sorkintype.com eben@eyebytes.com) with Reserved Font Name \""Habibi\"".",1
Hachi Maru Pop,OFL-1.1,ofl/hachimarupop,Nonty,Copyright 2020 The Hachi Maru Pop Project Authors (https://github.com/noriokanisawa/HachiMaruPop),1
Hahmlet,OFL-1.1,ofl/hahmlet,Hypertype,Copyright 2020 The Hahmlet Project Authors (https://github.com/hyper-type/hahmlet),1
Halant,OFL-1.1,ofl/halant,Indian Type Foundry,Copyright (c) 2014 Indian Type Foundry (info@indiantypefoundry.com),5
Hammersmith One,OFL-1.1,ofl/hammersmithone,Nicole Fally,"Copyright (c) 2011, Sorkin Type Co. (www.sorkintype.com eben@eyebytes.com) with Reserved Font Name \""Hammersmith One\"". This Font Software is licensed under the SIL Open Font License, Version 1.1. This license is available with a FAQ at: http://scripts.sil.org/OFL",1
Hanalei,OFL-1.1,ofl/hanalei,Astigmatic,"Copyright (c) 2012 by Brian J. Bonislawsky DBA Astigmatic (AOETI) (astigma@astigmatic.com), with Reserved Font Name \""Hanalei\""",1
Hanalei Fill,OFL-1.1,ofl/hanaleifill,Astigmatic,"Copyright (c) 2012 by Brian J. Bonislawsky DBA Astigmatic (AOETI) (astigma@astigmatic.com), with Reserved Font Name \""Hanalei Fill\""",1
Handjet,OFL-1.1,ofl/handjet,"Rosetta, David Březina",Copyright 2018 The Handjet Project Authors (https://github.com/rosettatype/Handjet/),1
Handlee,OFL-1.1,ofl/handlee,Joe Prince,"Copyright (c) 2011, Admix Designs (http://www.admixdesigns.com joe@admixdesigns.com) with Reserved Font Name Handlee.",1
Hanken Grotesk,OFL-1.1,ofl/hankengrotesk,"Alfredo Marco Pradil, Hanken Design Co.",Copyright 2021 The Hanken Grotesk Project Authors (https://github.com/marcologous/hanken-grotesk),2
hanna,OFL-1.1,ofl/hanna,,"Copyright 2013 Woowa Brothers Corporation (help@woowahan.com),",1
hannari,OFL-1.1,ofl/hannari,,Copyright 2016 The Hannari Project Authors.,1
Hanuman,OFL-1.1,ofl/hanuman,Danh Hong,Copyright 2019 The Hanuman Project Authors (https://github.com/danhhong/Hanuman),1
Happy Monkey,OFL-1.1,ofl/happymonkey,Brenda Gallo,"Copyright (c) 2011 by Brenda Gallo (gbrenda1987@gmail.com), with Reserved Font Name \""Happy Monkey\"".",1
Harmattan,OFL-1.1,ofl/harmattan,SIL International,"Copyright (c) 2007-2008, The C&MA Guinea Fulbe Team;\n\nCopyright renewed 2011-2012, George W. Nuss (http://www.fulbefouta.com),\nwith the Reserved Font Name \""Fouta\"".\n\nCopyright (c) 2004-2025, SIL Global (https://www.sil.org),\nwith Reserved Font Names \'Andika\' and \'SIL\'.\n\nCopyright (c) 2014-2025, SIL Global (https://www.sil.org/).\nwith Reserved Font Names \""Harmattan\"" and \""SIL\"".",4
Headland One,OFL-1.1,ofl/headlandone,Gary Lonergan,"Copyright (c) 2011-2012, Sorkin Type Co (www.sorkintype.com eben@eyebytes.com), with Reserved Font Name \""Headland\""",1
Hedvig Letters Sans,OFL-1.1,ofl/hedvigletterssans,"Kanon Foundry, Alexander Örn, Tor Weibull, Hedvig",Copyright 2023 The Hedvig Letters Project Authors (https://github.com/KanonFoundry/HedvigLetters),1
Hedvig Letters Serif,OFL-1.1,ofl/hedviglettersserif,"Kanon Foundry, Alexander Örn, Tor Weibull, Hedvig",Copyright 2023 The Hedvig Letters Project Authors (https://github.com/KanonFoundry/HedvigLetters),1
Heebo,OFL-1.1,ofl/heebo,Oded Ezer,Copyright 2014 The Heebo Project Authors (https://github.com/OdedEzer/heebo),1
Henny Penny,OFL-1.1,ofl/hennypenny,Brownfox,"Copyright (c) 2012, Brownfox (gayaneh.b@gmail.com), with Reserved Font Name \""Henny Penny\""",1
Hepta Slab,OFL-1.1,ofl/heptaslab,Mike LaGattuta,Copyright 2018 The Hepta Slab Project Authors (https://github.com/mjlagattuta/Hepta-Slab),1
Hermeneus One,OFL-1.1,ofl/hermeneusone,Impallari Type,"Copyright (c) 2012, Pablo Impallari (www.impallari.com|impallari@gmail.com) and Rodrigo Fuenzalida (www.rfuenzalida.com), with Reserved Font Name Hermeneus.",1
Herr Von Muellerhoff,OFL-1.1,ofl/herrvonmuellerhoff,Sudtipos,"Copyright (c) 2004 Alejandro Paul (sudtipos@sudtipos.com), with Reserved Font Name \""Herr Von Mullerhoff\""",1
Hibur Mono,OFL-1.1,ofl/hiburmono,"TypeHabesha, Behailu Berento",Copyright 2025-2026 The Hibur Mono Font Project Authors (https://github.com/typehabesha/HiburMono).,1
Hi Melody,OFL-1.1,ofl/himelody,YoonDesign Inc,Copyright (c) YoonDesign Inc. All Rights Reserved.,1
Hina Mincho,OFL-1.1,ofl/hinamincho,Satsuyako,Copyright 2020 The Hina Mincho Project Authors (https://github.com/satsuyako/Hina-Mincho),1
Hind,OFL-1.1,ofl/hind,Indian Type Foundry,Copyright (c) 2014 Indian Type Foundry (info@indiantypefoundry.com),5
Hind Colombo,OFL-1.1,ofl/hindcolombo,Indian Type Foundry,Copyright (c) 2015 Indian Type Foundry (info@indiantypefoundry.com),5
Hind Guntur,OFL-1.1,ofl/hindguntur,Indian Type Foundry,Copyright (c) 2015 Indian Type Foundry (info@indiantypefoundry.com),5
Hind Jalandhar,OFL-1.1,ofl/hindjalandhar,Indian Type Foundry,Copyright (c) 2015 Indian Type Foundry (info@indiantypefoundry.com),5
Hind Kochi,OFL-1.1,ofl/hindkochi,Indian Type Foundry,Copyright (c) 2015 Indian Type Foundry (info@indiantypefoundry.com),5
Hind Madurai,OFL-1.1,ofl/hindmadurai,Indian Type Foundry,Copyright (c) 2015 Indian Type Foundry (info@indiantypefoundry.com),5
Hind Mysuru,OFL-1.1,ofl/hindmysuru,Indian Type Foundry,Copyright (c) 2015 Indian Type Foundry (info@indiantypefoundry.com),5
Hind Siliguri,OFL-1.1,ofl/hindsiliguri,Indian Type Foundry,Copyright (c) 2015 Indian Type Foundry (info@indiantypefoundry.com),5
Hind Vadodara,OFL-1.1,ofl/hindvadodara,Indian Type Foundry,Copyright (c) 2015 Indian Type Foundry (info@indiantypefoundry.com),5
Holtwood One SC,OFL-1.1,ofl/holtwoodonesc,Vernon Adams,Copyright 2011 The Holtwood Project Authors (https://github.com/googlefonts/HoltwoodFont),1
Homenaje,OFL-1.1,ofl/homenaje,"Constanza Artigas Preller, Agustina Mingote","Copyright 2016 The Homenaje Project Authors (https://github.com/googlefonts/Homenaje), with Reserved Font Name \'Homenaje.",1
Honk,OFL-1.1,ofl/honk,Ek Type,Copyright 2023 The Honk Project Authors (https://github.com/EkType/Honk),1
Host Grotesk,OFL-1.1,ofl/hostgrotesk,"Element Type, Doğukan Karapınar, İbrahim Kaçtıoğlu",Copyright 2023 The Host Grotesk Project Authors (https://github.com/Element-Type/HostGrotesk),2
Hubballi,OFL-1.1,ofl/hubballi,Erin McLaughlin,Copyright 2016 The Hubballi Project Authors (https://github.com/erinmclaughlin/Hubballi),1
Hubot Sans,OFL-1.1,ofl/hubotsans,"Tobias Bjerrome Ahlin, GitHub, Degarism Studio, Sebastian Carewe","Copyright 2021 The Hubot Sans Project Authors (https://github.com/github/hubot-sans), with Reserved Font Name \""Hubot\""",2
Huninn,OFL-1.1,ofl/huninn,justfont,Copyright 2025 The Huninn Project Authors (https://github.com/justfont/Huninn),1
Hurricane,OFL-1.1,ofl/hurricane,Robert Leuschke,Copyright 2016-2021 The Hurricane Project Authors (https://github.com/googlefonts/hurricane),1
Iansui,OFL-1.1,ofl/iansui,But Ko,Copyright 2025 The Iansui Project Authors (https://github.com/ButTaiwan/iansui),1
Ibarra Real Nova,OFL-1.1,ofl/ibarrarealnova,"José María Ribagorda, Octavio Pardo",Copyright 2007 The Ibarra Real Nova Project Authors (https://github.com/googlefonts/ibarrareal),2
IBM Plex Mono,OFL-1.1,ofl/ibmplexmono,"Mike Abbink, Bold Monday",Copyright 2017 IBM Corp. All rights reserved.,14
IBM Plex Sans,OFL-1.1,ofl/ibmplexsans,"Mike Abbink, Bold Monday",Copyright 2019 IBM Corp. All rights reserved.,2
IBM Plex Sans Arabic,OFL-1.1,ofl/ibmplexsansarabic,"Mike Abbink, Bold Monday, Khajag Apelian, Wael Morcos",Copyright 2019 IBM Corp. All rights reserved.,7
IBM Plex Sans Condensed,OFL-1.1,ofl/ibmplexsanscondensed,"Mike Abbink, Bold Monday",Copyright 2019 IBM Corp. All rights reserved.,14
IBM Plex Sans Devanagari,OFL-1.1,ofl/ibmplexsansdevanagari,"Mike Abbink, Bold Monday",Copyright 2019 IBM Corp. All rights reserved.,7
IBM Plex Sans Hebrew,OFL-1.1,ofl/ibmplexsanshebrew,"Mike Abbink, Bold Monday",Copyright 2019 IBM Corp. All rights reserved.,7
IBM Plex Sans JP,OFL-1.1,ofl/ibmplexsansjp,"Mike Abbink, Bold Monday",Copyright 2018 IBM Corp. All rights reserved.,7
IBM Plex Sans KR,OFL-1.1,ofl/ibmplexsanskr,"Mike Abbink, Bold Monday",Copyright 2018 IBM Corp. All rights reserved.,7
IBM Plex Sans Thai,OFL-1.1,ofl/ibmplexsansthai,"Mike Abbink, Bold Monday",Copyright 2019 IBM Corp. All rights reserved.,7
IBM Plex Sans Thai Looped,OFL-1.1,ofl/ibmplexsansthailooped,"Mike Abbink, Bold Monday",Copyright 2019 IBM Corp. All rights reserved.,7
IBM Plex Serif,OFL-1.1,ofl/ibmplexserif,"Mike Abbink, Bold Monday",Copyright 2020 IBM Corp. All rights reserved.,14
Iceberg,OFL-1.1,ofl/iceberg,Cyreal,"Copyright (c) 2011, Cyreal (www.cyreal.org a@cyreal.org), with Reserved Font Name \""Iceberg\"".",1
Iceland,OFL-1.1,ofl/iceland,Cyreal,"Copyright (c) 2011, Cyreal (www.cyreal.org a@cyreal.org) with Reserved Font Name \""Iceland\"". This Font Software is licensed under the SIL Open Font License, Version 1.1. This license is available with a FAQ at: http://scripts.sil.org/OFL",1
Idiqlat,OFL-1.1,ofl/idiqlat,SIL International,"Copyright (c) 2025-2026, SIL Global (https://www.sil.org/), with Reserved Font Names \""Idiqlat\"" and \""SIL\"". Original fonts copyright (c) 1997-2025, Sparksoft Systems, with Reserved Font Names \""Marcus\"" and \""Nohadra\"". Latin glyphs copyright (c) 2018 The Crimson Pro Project Authors (https://github.com/Fonthausen/CrimsonPro).",3
Imbue,OFL-1.1,ofl/imbue,"Tyler Finck, ETC",Copyright 2020 The Imbue Project Authors (https://github.com/Etcetera-Type-Co/Imbue),1
IM Fell Double Pica,OFL-1.1,ofl/imfelldoublepica,Igino Marini,© 2007 Igino Marini (www.iginomarini.com mail@iginomarini.com) With Reserved Font Name IM FELL Double Pica Roman,2
IM Fell Double Pica SC,OFL-1.1,ofl/imfelldoublepicasc,Igino Marini,© 2007 Igino Marini (www.iginomarini.com mail@iginomarini.com) With Reserved Font Name IM FELL Double Pica SC,1
IM Fell DW Pica,OFL-1.1,ofl/imfelldwpica,Igino Marini,© 2007 Igino Marini (www.iginomarini.com mail@iginomarini.com) With Reserved Font Name IM FELL DW Pica Roman,2
IM Fell DW Pica SC,OFL-1.1,ofl/imfelldwpicasc,Igino Marini,© 2007 Igino Marini (www.iginomarini.com mail@iginomarini.com) With Reserved Font Name IM FELL DW Pica SC,1
IM Fell English,OFL-1.1,ofl/imfellenglish,Igino Marini,© 2007 Igino Marini (www.iginomarini.com mail@iginomarini.com) With Reserved Font Name IM FELL English Roman,2
IM Fell English SC,OFL-1.1,ofl/imfellenglishsc,Igino Marini,© 2007 Igino Marini (www.iginomarini.com mail@iginomarini.com) With Reserved Font Name IM FELL English SC,1
IM Fell French Canon,OFL-1.1,ofl/imfellfrenchcanon,Igino Marini,© 2007 Igino Marini (www.iginomarini.com mail@iginomarini.com) With Reserved Font Name IM FELL French Canon Roman,2
IM Fell French Canon SC,OFL-1.1,ofl/imfellfrenchcanonsc,Igino Marini,© 2007 Igino Marini (www.iginomarini.com mail@iginomarini.com) With Reserved Font Name IM FELL French Canon SC,1
IM Fell Great Primer,OFL-1.1,ofl/imfellgreatprimer,Igino Marini,© 2007 Igino Marini (www.iginomarini.com mail@iginomarini.com) With Reserved Font Name IM FELL Great Primer Roman,2
IM Fell Great Primer SC,OFL-1.1,ofl/imfellgreatprimersc,Igino Marini,© 2007 Igino Marini (www.iginomarini.com mail@iginomarini.com) With Reserved Font Name IM FELL Great Primer SC,1
Imperial Script,OFL-1.1,ofl/imperialscript,Robert Leuschke,Copyright 2008 The Imperial Script Project Authors (https://github.com/googlefonts/imperial-script),1
Imprima,OFL-1.1,ofl/imprima,Eduardo Tunni,"Copyright 2012 The Imprima Project Authors (https://github.com/etunni/imprima), with Reserved Font Name \""Imprima\""",1
Inclusive Sans,OFL-1.1,ofl/inclusivesans,Olivia King,Copyright 2024 The Inclusive Sans Project Authors (https://github.com/LivKing/Inclusive-Sans),2
Inconsolata,OFL-1.1,ofl/inconsolata,Raph Levien,Copyright 2006 The Inconsolata Project Authors (https://github.com/cyrealtype/Inconsolata),83
Inder,OFL-1.1,ofl/inder,Sorkin Type,Copyright (c) 2010 by Sorkin Type Co (eben@eyebytes.com) with Reserved Font Name Inder.,1
Indie Flower,OFL-1.1,ofl/indieflower,Kimberly Geswein,Copyright 2010 The Indie Flower Authors (kimberlygeswein.com),1
Ingrid Darling,OFL-1.1,ofl/ingriddarling,Robert Leuschke,Copyright 2014-2021 The Ingrid Darling Project Authors (https://github.com/googlefonts/ingrid-darling),1
Inika,OFL-1.1,ofl/inika,Constanza Artigas,Copyright (c) 2011 by Constanza Artigas Preller (artigasconstanza@gmail.com). All rights reserved.,2
Inknut Antiqua,OFL-1.1,ofl/inknutantiqua,Claus Eggers Sørensen,Copyright 2014 The Inknut Antiqua Project Authors (https://github.com/clauseggers/Inknut-Antiqua),7
Inria Sans,OFL-1.1,ofl/inriasans,"Grégori Vincens, Jérémie Hornus",Copyright 2017 The Inria Sans Project Authors (https://github.com/BlackFoundryCom/InriaFonts),6
Inria Serif,OFL-1.1,ofl/inriaserif,"Grégori Vincens, Jérémie Hornus",Copyright 2017 The Inria Serif Project Authors (https://github.com/BlackFoundryCom/InriaFonts),6
Inspiration,OFL-1.1,ofl/inspiration,Robert Leuschke,Copyright 2004 The Inspiration Project Authors (https://github.com/googlefonts/inspiration),1
Instrument Sans,OFL-1.1,ofl/instrumentsans,"Rodrigo Fuenzalida, Jordan Egstad",Copyright 2022 The Instrument Sans Project Authors (https://github.com/Instrument/instrument-sans),2
Instrument Serif,OFL-1.1,ofl/instrumentserif,"Rodrigo Fuenzalida, Jordan Egstad",Copyright 2022 The Instrument Serif Project Authors (https://github.com/Instrument/instrument-serif),2
Intel One Mono,OFL-1.1,ofl/intelonemono,"Intel Corporation, Frere-Jones Type",Copyright 2023-2024 The Intel One Mono Project Authors (https://github.com/intel/intel-one-mono),12
Inter,OFL-1.1,ofl/inter,Rasmus Andersson,Copyright 2016 The Inter Project Authors (https://github.com/rsms/inter),2
Inter Tight,OFL-1.1,ofl/intertight,Rasmus Andersson,Copyright 2022 The Inter Project Authors (https://github.com/rsms/inter-tight),2
Iosevka Charon,OFL-1.1,ofl/iosevkacharon,Juliette Pluto,Copyright 2015-2025 The Iosevka Project Authors (https://github.com/be5invis/Iosevka),8
Iosevka Charon Mono,OFL-1.1,ofl/iosevkacharonmono,Juliette Pluto,Copyright 2015-2025 The Iosevka Project Authors (https://github.com/be5invis/Iosevka),8
Island Moments,OFL-1.1,ofl/islandmoments,Robert Leuschke,Copyright 2013-2021 The Island Moments Project Authors (https://github.com/googlefonts/island-moments),1
Isometra,OFL-1.1,ofl/isometra,Ben Dunkle,Copyright 2025 The Isometra Project Authors (https://github.com/field2/isometra),1
Istok Web,OFL-1.1,ofl/istokweb,Andrey V. Panov,"Copyright (c) 2008-2014, Andrey V. Panov (panov@canopus.iacp.dvo.ru), with Reserved Font Name Istok",4
Italiana,OFL-1.1,ofl/italiana,Santiago Orozco,Copyright (c) 2011 by Santiago Orozco (hi@typemade.mx) with reserved name Italiana,1
Italianno,OFL-1.1,ofl/italianno,Robert Leuschke,Copyright 2009 The Italianno Project Authors (https://github.com/googlefonts/italianno),1
Itim,OFL-1.1,ofl/itim,Cadson Demak,"Copyright (c) 2015, Cadson Demak (info@cadsondemak.com), Copyright (c) 2014, Pablo Impallari (www.impallari.com|impallari@gmail.com)",1
Jacquard 12,OFL-1.1,ofl/jacquard12,Sarah Cadigan-Fried,Copyright 2023 The Soft Type Project Authors (https://github.com/scfried/soft-type-jacquard),1
Jacquard 12 Charted,OFL-1.1,ofl/jacquard12charted,Sarah Cadigan-Fried,Copyright 2023 The Soft Type Project Authors (https://github.com/scfried/soft-type-jacquard),1
Jacquard 24,OFL-1.1,ofl/jacquard24,Sarah Cadigan-Fried,Copyright 2023 The Soft Type Project Authors (https://github.com/scfried/soft-type-jacquard),1
Jacquard 24 Charted,OFL-1.1,ofl/jacquard24charted,Sarah Cadigan-Fried,Copyright 2023 The Soft Type Project Authors (https://github.com/scfried/soft-type-jacquard),1
Jacquarda Bastarda 9,OFL-1.1,ofl/jacquardabastarda9,Sarah Cadigan-Fried,Copyright 2023 The Soft Type Project Authors (https://github.com/scfried/soft-type-jacquarda-bastarda),1
Jacquarda Bastarda 9 Charted,OFL-1.1,ofl/jacquardabastarda9charted,Sarah Cadigan-Fried,Copyright 2023 The Soft Type Project Authors (https://github.com/scfried/soft-type-jacquarda-bastarda),1
Jacques Francois,OFL-1.1,ofl/jacquesfrancois,Cyreal,"Copyright (c) 2011, Cyreal (www.cyreal.org a@cyreal.org) with Reserved Font Name \'Jacques Francois\'",1
Jacques Francois Shadow,OFL-1.1,ofl/jacquesfrancoisshadow,Cyreal,"Copyright (c) 2011, Cyreal (www.cyreal.org a@cyreal.org) with Reserved Font Name \'Jacques Francois\'",1
Jaini,OFL-1.1,ofl/jaini,Ek Type,Copyright 2023 The Jaini Project Authors (https://github.com/EkType/Jaini),1
Jaini Purva,OFL-1.1,ofl/jainipurva,Ek Type,Copyright 2023 The Jaini Project Authors (https://github.com/EkType/Jaini),1
Jaldi,OFL-1.1,ofl/jaldi,Omnibus-Type,"Copyright (c) 2011-2015, Omnibus-Type (www.omnibus-type.com omnibus.type@gmail.com) with Reserved Font Name \'Jaldi\' and \'Asap\'",2
Jaro,OFL-1.1,ofl/jaro,"Agyei Archer, Céline Hurka, Mirko Velimirović",Copyright 2023 The Jaro Project Authors (https://github.com/agyeiarcher/Jaro),1
jejugothic,OFL-1.1,ofl/jejugothic,,"Copyright 2014 Jeju Special Self-Governing Province (jmg0987@korea.kr), with Reserved Font Name 'Jeju Hallasan, 'Jeju Gothic, 'Jeju Myeongjo'.",1
jejuhallasan,OFL-1.1,ofl/jejuhallasan,,"Copyright 2014 Jeju Special Self-Governing Province (jmg0987@korea.kr), with Reserved Font Name 'Jeju Hallasan, 'Jeju Gothic, 'Jeju Myeongjo'.",1
jejumyeongjo,OFL-1.1,ofl/jejumyeongjo,,"Copyright 2014 Jeju Special Self-Governing Province (jmg0987@korea.kr), with Reserved Font Name 'Jeju Hallasan, 'Jeju Gothic, 'Jeju Myeongjo'.",1
Jersey 10,OFL-1.1,ofl/jersey10,Sarah Cadigan-Fried,Copyright 2023 The Soft Type Project Authors (https://github.com/scfried/soft-type-jersey),1
Jersey 10 Charted,OFL-1.1,ofl/jersey10charted,Sarah Cadigan-Fried,Copyright 2023 The Soft Type Project Authors (https://github.com/scfried/soft-type-jersey),1
Jersey 15,OFL-1.1,ofl/jersey15,Sarah Cadigan-Fried,Copyright 2023 The Soft Type Project Authors (https://github.com/scfried/soft-type-jersey),1
Jersey 15 Charted,OFL-1.1,ofl/jersey15charted,Sarah Cadigan-Fried,Copyright 2023 The Soft Type Project Authors (https://github.com/scfried/soft-type-jersey),1
Jersey 20,OFL-1.1,ofl/jersey20,Sarah Cadigan-Fried,Copyright 2023 The Soft Type Project Authors (https://github.com/scfried/soft-type-jersey),1
Jersey 20 Charted,OFL-1.1,ofl/jersey20charted,Sarah Cadigan-Fried,Copyright 2023 The Soft Type Project Authors (https://github.com/scfried/soft-type-jersey),1
Jersey 25,OFL-1.1,ofl/jersey25,Sarah Cadigan-Fried,Copyright 2023 The Soft Type Project Authors (https://github.com/scfried/soft-type-jersey),1
Jersey 25 Charted,OFL-1.1,ofl/jersey25charted,Sarah Cadigan-Fried,Copyright 2023 The Soft Type Project Authors (https://github.com/scfried/soft-type-jersey),1
JetBrains Mono,OFL-1.1,ofl/jetbrainsmono,"JetBrains, Philipp Nurullin, Konstantin Bulenkov",Copyright 2020 The JetBrains Mono Project Authors (https://github.com/JetBrains/JetBrainsMono),2
Jim Nightshade,OFL-1.1,ofl/jimnightshade,Astigmatic,"Copyright (c) 2011 by Brian J. Bonislawsky DBA Astigmatic (AOETI) (astigma@astigmatic.com), with Reserved Font Name \""Jim Nightshade\""",1
Joan,OFL-1.1,ofl/joan,Paolo Biagini,Copyright 2021 The Joan Project Authors (https://github.com/PaoloBiagini/Joan),1
Jockey One,OFL-1.1,ofl/jockeyone,TypeTogether,"Copyright (c) 2011, Copyright (c) 2011, TypeTogether (www.type-together.com info@type-together.com), with Reserved Font Names \""Jockey\"" and \""Jockey One\""",1
Jolly Lodger,OFL-1.1,ofl/jollylodger,Font Diner,"Copyright (c) 2012 by Font Diner, Inc (diner@fontdiner.com) with Reseved Font Name \""Jolly Lodger\""",1
Jomhuria,OFL-1.1,ofl/jomhuria,KB Studio,Copyright 2015 KB-Studio (www.k-b-studio.com|tarobish@gmail.com). Copyright 2015 Lasse Fister (lasse@graphicore.de). Copyright 2015 Sorkin Type Co (www.sorkintype.com). Copyright 2010-2015 Khaled Hosny (khaledhosny@eglug.org).,1
Jomolhari,OFL-1.1,ofl/jomolhari,Christopher J. Fynn,Copyright (c) 2006 by Christopher Fynn. All rights reserved.,1
Josefin Sans,OFL-1.1,ofl/josefinsans,Santiago Orozco,"Copyright 2010 The Josefin Sans Project Authors (https://github.com/ThomasJockin/JosefinSansFont-master), with Reserved Font Name \""Josefin Sans\"".",2
Josefin Slab,OFL-1.1,ofl/josefinslab,Santiago Orozco,"Copyright 2020 The Josefin Slab Project Authors (https://github.com/googlefonts/josefinslab/), with Reserved Font Name Josefin.",2
Jost,OFL-1.1,ofl/jost,Owen Earl,Copyright 2020 The Jost Project Authors (https://github.com/indestructible-type/Jost),2
Joti One,OFL-1.1,ofl/jotione,Eduardo Tunni,"Copyright 2012 The Joti One Project Authors (https://github.com/etunni/joti), with Reserved Font Name \""Joti\""",1
Jua,OFL-1.1,ofl/jua,Woowahan Brothers,Copyright 2018 The BM JUA Project Authors,1
Judson,OFL-1.1,ofl/judson,Daniel Johnson,"Copyright (c) 2010, 2011 by Daniel Johnson (il.basso.buffo@gmail.com). Released under the terms of the SIL Open Font License v1.1.",3
Julee,OFL-1.1,ofl/julee,Julián Tunni,"Copyright 2011 The Julee Project Authors (https://github.com/etunni/julee) with Reserved Font Name is \""Julee\""",1
Julius Sans One,OFL-1.1,ofl/juliussansone,Luciano Vergara,"Copyright (c) 2012, LatinoType (luciano@latinotype.com), with Reserved Font Names \'Julius\'",1
Junge,OFL-1.1,ofl/junge,Cyreal,"Copyright (c) 2011, Cyreal (www.cyreal.org a@cyreal.org) with Reserved Font Name \""Junge\"". This Font Software is licensed under the SIL Open Font License, Version 1.1. This license is available with a FAQ at: http://scripts.sil.org/OFL",1
Jura,OFL-1.1,ofl/jura,"Daniel Johnson, Cyreal",Copyright 2019 The Jura Project Authors (https://github.com/ossobuffo/jura),1
Just Me Again Down Here,OFL-1.1,ofl/justmeagaindownhere,Kimberly Geswein,Copyright (c) 2011 by Kimberly Geswein (kimberlygeswein@gmail.com). All rights reserved.,1
K2D,OFL-1.1,ofl/k2d,Cadson Demak,Copyright 2018 The K2D Project Authors (https://github.com/cadsondemak/K2D),16
Kablammo,OFL-1.1,ofl/kablammo,"Vectro Type Foundry, Travis Kochel, Lizy Gershenzon, Daria Cohen, Ethan Cohen",Copyright 2023 The Kablammo Project Authors (https://github.com/Vectro-Type-Foundry/kablammo),1
Kadwa,OFL-1.1,ofl/kadwa,Sol Matas,"Copyright (c) 2014-2015, Sol Matas (sol@sonnenshine.com.ar)",2
Kaisei Decol,OFL-1.1,ofl/kaiseidecol,Font-Kai,Copyright 2020 The Kaisei Project Authors (https://github.com/Font-Kai/Kaisei),3
Kaisei HarunoUmi,OFL-1.1,ofl/kaiseiharunoumi,Font-Kai,Copyright 2020 The Kaisei Project Authors (https://github.com/Font-Kai/Kaisei),3
Kaisei Opti,OFL-1.1,ofl/kaiseiopti,Font-Kai,Copyright 2020 The Kaisei Project Authors (https://github.com/Font-Kai/Kaisei),3
Kaisei Tokumin,OFL-1.1,ofl/kaiseitokumin,Font-Kai,Copyright 2020 The Kaisei Project Authors (https://github.com/Font-Kai/Kaisei),4
Kalam,OFL-1.1,ofl/kalam,Indian Type Foundry,Copyright (c) 2014 Indian Type Foundry (info@indiantypefoundry.com),3
Kalnia,OFL-1.1,ofl/kalnia,Frida Medrano,Copyright 2022 The Kalnia Project Authors (https://github.com/fridamedrano/Kalnia-Typeface.git),1
Kalnia Glaze,OFL-1.1,ofl/kalniaglaze,Frida Medrano,Copyright 2022 The Kalnia Glaze Project Authors (https://github.com/fridamedrano/Kalnia-Glaze),1
Kameron,OFL-1.1,ofl/kameron,Vernon Adams,Copyright 2011 The Kameron Project Authors (https://github.com/googlefonts/kameronFont),1
Kanchenjunga,OFL-1.1,ofl/kanchenjunga,Becca Hirsbrunner Spalinger,Copyright (c) 2021-2024 SIL International,4
Kanit,OFL-1.1,ofl/kanit,Cadson Demak,Copyright 2020 The Kanit Project Authors (https://github.com/cadsondemak/kanit),18
Kantumruy Pro,OFL-1.1,ofl/kantumruypro,"Tep Sovichet, Wei Huang",Copyright 2022 The Kantumruy Project Authors (https://www.github.com/sovichet/kantumruy-pro),2
Kapakana,OFL-1.1,ofl/kapakana,Kousuke Nagai,Copyright 2020 The Kapakana Project Authors (https://github.com/nagamaki008/kapakana),1
Karantina,OFL-1.1,ofl/karantina,Rony Koch,Copyright 2020 The Karantina Project Authors (https://github.com/ronykoch/Karantina),3
Karla,OFL-1.1,ofl/karla,Jonny Pinhorn,Copyright 2019 The Karla Project Authors (https://github.com/googlefonts/karla),2
Karla Tamil Inclined,OFL-1.1,ofl/karlatamilinclined,Jonathan Pinhorn,"Copyright (c) 2011-2012, Jonathan Pinhorn (jonpinhorn.typedesign@gmail.com), with Reserved Font Names \'Karla\'",2
Karla Tamil Upright,OFL-1.1,ofl/karlatamilupright,Jonathan Pinhorn,"Copyright (c) 2011-2012, Jonathan Pinhorn (jonpinhorn.typedesign@gmail.com), with Reserved Font Names \'Karla\'",2
Karma,OFL-1.1,ofl/karma,Indian Type Foundry,Copyright 2014 Indian Type Foundry. All rights reserved.,5
Katibeh,OFL-1.1,ofl/katibeh,KB Studio,"Copyright 2015, 2016 KB-Studio (www.k-b-studio.com|tarobish@gmail.com). Copyright 2015, 2016 Lasse Fister (lasse@graphicore.de). Copyright 2015, 2016 Eduardo Tunni(edu@tipo.net.ar).",1
Kaushan Script,OFL-1.1,ofl/kaushanscript,Impallari Type,"Copyright (c) 2011, Pablo Impallari (www.impallari.com|impallari@gmail.com), Copyright (c) 2011, Igino Marini. (www.ikern.com|mail@iginomarini.com), with Reserved Font Name Kaushan Script.",1
Kavivanar,OFL-1.1,ofl/kavivanar,Tharique Azeez,"Copyright (c) 2015, Tharique Azeez (http://thariqueazeez.com|zeezat@gmail.com)",1
Kavoon,OFL-1.1,ofl/kavoon,Viktoriya Grabowska,"Copyright (c) 2011-2012, Sorkin Type Co (www.sorkintype.com) with Reserved Font Name \'Kavoon\'",1
Kay Pho Du,OFL-1.1,ofl/kayphodu,SIL International,"Copyright (c) 2019-2023 SIL International, based on the overall design of Karenni (Copyright (c) 2016-2019, Khu Oo Reh).",4
Kdam Thmor Pro,OFL-1.1,ofl/kdamthmorpro,"Tep Sovichet, Hak Longdey",Copyright 2022 The Kdam Thmor Pro Project Authors (https://www.github.com/sovichet/kdam-thmor-pro),1
Keania One,OFL-1.1,ofl/keaniaone,Julia Petretta,"Copyright (c) 2012, Julia Petretta (julia.petretta@googlemail.com), with Reserved Font Name \'Keania\'",1
Kedebideri,OFL-1.1,ofl/kedebideri,SIL International,Copyright (c) 2007-2025 SIL Global,6
Kelly Slab,OFL-1.1,ofl/kellyslab,Denis Masharov,"Copyright (c) 2011, Denis Masharov <denis.masharov@gmail.com>, with Reserved Font Names \""Kelly\"", \""Kelly Slab\"".",1
Kenia,OFL-1.1,ofl/kenia,Julia Petretta,"Copyright (c) 2010, Julia Petretta (julia.petretta@googlemail.com), with Reserved Font Name Kenia",1
Khand,OFL-1.1,ofl/khand,Indian Type Foundry,Copyright (c) 2014 Indian Type Foundry (info@indiantypefoundry.com),5
Khmer,OFL-1.1,ofl/khmer,Danh Hong,"Copyright (c) 2010, Danh Hong (khmertype.blogspot.com danhhong@gmail.com), with Reserved Font Name Khmer OS. This Font Software is licensed under the SIL Open Font License, Version 1.1. This license is available with a FAQ at: http://scripts.sil.org/OFL",1
Khula,OFL-1.1,ofl/khula,Erin McLaughlin,"Copyright (c) 2014, Erin McLaughlin (hello@erinmclaughlin.com). Digitized data copyright 2010, Google Corporation.",5
khyay,OFL-1.1,ofl/khyay,,"Copyright (c) 2015, Danh Hong (www.khmertype.org)",1
Kings,OFL-1.1,ofl/kings,Robert Leuschke,Copyright 2013-2021 The Kings Project Authors (https://github.com/googlefonts/kings),1
Kirang Haerang,OFL-1.1,ofl/kiranghaerang,Woowahan Brothers,Copyright 2018 The Kirang Haerang Project Authors,1
Kite One,OFL-1.1,ofl/kiteone,Eduardo Tunni,"Copyright 2011 The Kite One Project Authors (https://github.com/etunni/Kite-One) with Reserved Font Name is \""Kite\""",1
Kiwi Maru,OFL-1.1,ofl/kiwimaru,Hiroki-Chan,Copyright 2020 The Kiwi Maru Project Authors (https://github.com/Kiwi-KawagotoKajiru/Kiwi-Maru),3
Klee One,OFL-1.1,ofl/kleeone,Fontworks Inc.,Copyright 2020 The Klee Project Authors (https://github.com/fontworks-fonts/Klee),2
Knewave,OFL-1.1,ofl/knewave,Tyler Finck,Copyright (c) 2011 by Tyler Finck (tylerfinck@gmail.com). All rights reserved.,1
Kodchasan,OFL-1.1,ofl/kodchasan,Cadson Demak,Copyright 2018 The Kodchasan Project Authors (https://github.com/cadsondemak/Kodchasan),12
Kode Mono,OFL-1.1,ofl/kodemono,Isa Ozler,Copyright 2023 The Kode Mono Project Authors (https://github.com/isaozler/kode-mono),1
KoHo,OFL-1.1,ofl/koho,Cadson Demak,Copyright 2018 The KoHo Project Authors (https://github.com/cadsondemak/Koho),12
Koh Santepheap,OFL-1.1,ofl/kohsantepheap,Danh Hong,Copyright 2020 The Koh Santepheap Project Authors (https://github.com/danhhong/KohSantepheap),5
kokoro,OFL-1.1,ofl/kokoro,,Copyright 2016 The Kokoro Project Authors.,1
Kolker Brush,OFL-1.1,ofl/kolkerbrush,Robert Leuschke,Copyright 2004 The Kolker Brush Project Authors (https://github.com/googlefonts/kolker-brush),1
Konkhmer Sleokchher,OFL-1.1,ofl/konkhmersleokchher,Suon May Sophanith,Copyright 2022 The Konkhmer Sleokchher Project Authors (https://github.com/suonmaysophanith7/KonKhmer_SleokChher),1
kopubbatang,OFL-1.1,ofl/kopubbatang,,"Copyright 2014 Ministry of Culture, Sports and Tourism and Korea Publishers Society (kopus@kopus.org),",3
Kotta One,OFL-1.1,ofl/kottaone,Ania Kruk,"Copyright (c) 2012 by Ania Kruk (hello@aniakruk.com), with Reserved Font Name \""Kotta\""",1
Koulen,OFL-1.1,ofl/koulen,Danh Hong,Copyright 2019 The Koulen Project Authors (https://github.com/danhhong/Koulen),1
Kreon,OFL-1.1,ofl/kreon,Julia Petretta,"Copyright 2018 The Kreon Project Authors (https://github.com/googlefonts/kreon), with Reserved Font Name \""Kreon\""",1
Kripa,OFL-1.1,ofl/kripa,Kedar Gadge,Copyright 2026 The Kripa Type Project Authors (https://github.com/kedar9/kripa),1
Kristi,OFL-1.1,ofl/kristi,Birgit Pulk,"Copyright (c) 2010, Birgit Pulk (birgitpulk@gmail.com). All rights reserved. Licenced under SIL OFL v1.1",1
Krona One,OFL-1.1,ofl/kronaone,Yvonne Schüttler,"Copyright (c) 2011, Sorkin Type Co (www.sorkintype.com eben@eyebytes.com) with Reserved Font Name \""Krona\"".",1
Krub,OFL-1.1,ofl/krub,Cadson Demak,Copyright 2018 The Krub Project Authors (https://github.com/cadsondemak/Krub),12
Kufam,OFL-1.1,ofl/kufam,"Original Type, Wael Morcos, Artur Schmal",Copyright 2019 The Kufam Project Authors (https://github.com/originaltype/kufam),2
Kulim Park,OFL-1.1,ofl/kulimpark,Dale Sattler,Copyright 2018 The Kulim Park Project Authors (https://github.com/noponies/Kulim-Park),10
Kumar One,OFL-1.1,ofl/kumarone,Indian Type Foundry,Copyright (c) 2016 Indian Type Foundry (info@indiantypefoundry.com),1
Kumar One Outline,OFL-1.1,ofl/kumaroneoutline,Indian Type Foundry,Copyright (c) 2016 Indian Type Foundry (info@indiantypefoundry.com),1
Kumbh Sans,OFL-1.1,ofl/kumbhsans,Saurabh Sharma,Copyright 2020 The KumbhSans Project Authors (https://github.com/xconsau/KumbhSans),1
Kurale,OFL-1.1,ofl/kurale,Eduardo Tunni,Copyright 2013 The Kurale Project Authors (edu@tipo.net.ar),1
La Belle Aurore,OFL-1.1,ofl/labelleaurore,Kimberly Geswein,"Copyright (c) 2010, Kimberly Geswein (kimberlygeswein.com kimberlygeswein@gmail.com)",1
Labrada,OFL-1.1,ofl/labrada,"Mercedes Jáuregui, Omnibus-Type",Copyright 2022 The Labrada Project Authors (https://github.com/Omnibus-Type/Labrada),2
Lacquer,OFL-1.1,ofl/lacquer,"Niki Polyocan, Eli Block",Copyright 2019 The Lacquer Project Authors (https://github.com/Lacquer-Font/Lacquer),1
Laila,OFL-1.1,ofl/laila,Indian Type Foundry,Copyright (c) 2014 Indian Type Foundry (info@indiantypefoundry.com),5
Lakki Reddy,OFL-1.1,ofl/lakkireddy,Appaji Ambarisha Darbha,"Copyright (c) 2011 Silicon Andhra (fonts.siliconandhra.org). Copyright (c) 2010 by Font Diner, Inc DBA Sideshow.",1
Lalezar,OFL-1.1,ofl/lalezar,Borna Izadpanah,Copyright 2015 The Lalezar Project Authors (https://github.com/BornaIz/Lalezar),1
Lancelot,OFL-1.1,ofl/lancelot,Marion Kadi,Copyright (c) 2011 by Marion Kadi (marionkadi@gmail.com). All rights reserved. Licenced under SIL OFL v1.1,1
Langar,OFL-1.1,ofl/langar,"Typeland, Alessia Mazzarella",Copyright 2016 The Langar Project Authors (https://github.com/typeland/Langar),1
Lateef,OFL-1.1,ofl/lateef,SIL International,Copyright (c) 1994-2025 SIL Global.,7
Lato,OFL-1.1,ofl/lato,Łukasz Dziedzic,"Copyright (c) 2011-2015 by tyPoland Lukasz Dziedzic (http://www.typoland.com/) with Reserved Font Name \""Lato\"". Licensed under the SIL Open Font License, Version 1.1 (http://scripts.sil.org/OFL). ",18
Lavishly Yours,OFL-1.1,ofl/lavishlyyours,Robert Leuschke,Copyright 2014-2021 The Lavishly Yours Project Authors (https://github.com/googlefonts/lavishly-yours),1
League Gothic,OFL-1.1,ofl/leaguegothic,"Tyler Finck, Caroline Hadilaksono, Micah Rich",Copyright 2020 The League Gothic Project Authors (https://github.com/theleagueof/league-gothic),1
League Script,OFL-1.1,ofl/leaguescript,Haley Fiege,"Copyright (c) 2010, Haley Fiege (haley@kingdomofawesome.com",1
League Spartan,OFL-1.1,ofl/leaguespartan,"Matt Bailey, Tyler Finck",Copyright 2020 The League Spartan Project Authors (https://github.com/theleagueof/league-spartan),1
Leckerli One,OFL-1.1,ofl/leckerlione,Gesine Todt,"Copyright (c) 2011 Gesine Todt (www.gesine-todt.de hallo@gesine-todt.de), with Reserved Font Names \""Leckerli\""",1
Ledger,OFL-1.1,ofl/ledger,Denis Masharov,"Copyright (c) 2011, Denis Masharov <denis.masharov@gmail.com>.",1
Lekton,OFL-1.1,ofl/lekton,ISIA Urbino,"Copyright (c) 2008, 2009, 2010, Accademia di Belle Arti di Urbino (luciano.perondi@isiaurbino.net). Licensed under the SIL Open Font License, Version 1.1",3
Lemon,OFL-1.1,ofl/lemon,Eduardo Tunni,"Copyright 2011 The Lemon Project Authors (https://github.com/etunni/lemon) with Reserved Font Name \""Lemon\""",1
Lemonada,OFL-1.1,ofl/lemonada,"Mohamed Gaber, Eduardo Tunni",Copyright 2011 The Lemonada Project Authors (https://github.com/Gue3bara/Lemonada),1
lemonadavfbeta,OFL-1.1,ofl/lemonadavfbeta,,Copyright 2011 The Lemonada Project Authors (https://github.com/Gue3bara/Lemonada),1
Lexend,OFL-1.1,ofl/lexend,"Bonnie Shaver-Troup, Thomas Jockin, Santiago Orozco, Héctor Gómez, Superunion",Copyright 2019 The Lexend Project Authors (https://github.com/googlefonts/lexend),1
Lexend Deca,OFL-1.1,ofl/lexenddeca,"Bonnie Shaver-Troup, Thomas Jockin, Santiago Orozco, Héctor Gómez, Superunion",Copyright 2019 The Lexend Project Authors (https://github.com/googlefonts/lexend),1
Lexend Exa,OFL-1.1,ofl/lexendexa,"Bonnie Shaver-Troup, Thomas Jockin, Santiago Orozco, Héctor Gómez, Superunion",Copyright 2019 The Lexend Project Authors (https://github.com/googlefonts/lexend),1
Lexend Giga,OFL-1.1,ofl/lexendgiga,"Bonnie Shaver-Troup, Thomas Jockin, Santiago Orozco, Héctor Gómez, Superunion",Copyright 2019 The Lexend Project Authors (https://github.com/googlefonts/lexend),1
Lexend Mega,OFL-1.1,ofl/lexendmega,"Bonnie Shaver-Troup, Thomas Jockin, Santiago Orozco, Héctor Gómez, Superunion",Copyright 2019 The Lexend Project Authors (https://github.com/googlefonts/lexend),1
Lexend Peta,OFL-1.1,ofl/lexendpeta,"Bonnie Shaver-Troup, Thomas Jockin, Santiago Orozco, Héctor Gómez, Superunion",Copyright 2019 The Lexend Project Authors (https://github.com/googlefonts/lexend),1
Lexend Tera,OFL-1.1,ofl/lexendtera,"Bonnie Shaver-Troup, Thomas Jockin, Santiago Orozco, Héctor Gómez, Superunion",Copyright 2019 The Lexend Project Authors (https://github.com/googlefonts/lexend),1
Lexend Zetta,OFL-1.1,ofl/lexendzetta,"Bonnie Shaver-Troup, Thomas Jockin, Santiago Orozco, Héctor Gómez, Superunion",Copyright 2019 The Lexend Project Authors (https://github.com/googlefonts/lexend),1
Libertinus Keyboard,OFL-1.1,ofl/libertinuskeyboard,Philipp H. Poll,Copyright 2025 The Libertinus Keyboard Project Authors (https://github.com/googlefonts/libertinus),1
Libertinus Math,OFL-1.1,ofl/libertinusmath,Philipp H. Poll,???.,1
Libertinus Mono,OFL-1.1,ofl/libertinusmono,Philipp H. Poll,???.,1
Libertinus Sans,OFL-1.1,ofl/libertinussans,Philipp H. Poll,Copyright 2025 The Libertinus Sans Project Authors (https://github.com/googlefonts/libertinus),3
Libertinus Serif,OFL-1.1,ofl/libertinusserif,Philipp H. Poll,???.,6
Libertinus Serif Display,OFL-1.1,ofl/libertinusserifdisplay,Philipp H. Poll,Copyright 2025 The Libertinus Serif Display Project Authors (https://github.com/googlefonts/libertinus),1
Libre Barcode 128,OFL-1.1,ofl/librebarcode128,Lasse Fister,Copyright 2017-2020 The Libre Barcode Project Authors (https://github.com/graphicore/librebarcode),1
Libre Barcode 128 Text,OFL-1.1,ofl/librebarcode128text,Lasse Fister,Copyright 2017-2020 The Libre Barcode Project Authors (https://github.com/graphicore/librebarcode),1
Libre Barcode 39,OFL-1.1,ofl/librebarcode39,Lasse Fister,Copyright 2017-2020 The Libre Barcode Project Authors (https://github.com/graphicore/librebarcode),1
Libre Barcode 39 Extended,OFL-1.1,ofl/librebarcode39extended,Lasse Fister,Copyright 2017-2020 The Libre Barcode Project Authors (https://github.com/graphicore/librebarcode),1
Libre Barcode 39 Extended Text,OFL-1.1,ofl/librebarcode39extendedtext,Lasse Fister,Copyright 2017-2020 The Libre Barcode Project Authors (https://github.com/graphicore/librebarcode),1
Libre Barcode 39 Text,OFL-1.1,ofl/librebarcode39text,Lasse Fister,Copyright 2017-2020 The Libre Barcode Project Authors (https://github.com/graphicore/librebarcode),1
Libre Barcode EAN13 Text,OFL-1.1,ofl/librebarcodeean13text,Lasse Fister,Copyright 2017-2020 The Libre Barcode Project Authors (https://github.com/graphicore/librebarcode),1
Libre Baskerville,OFL-1.1,ofl/librebaskerville,Impallari Type,Copyright 2012 The Libre Baskerville Project Authors (https://github.com/impallari/Libre-Baskerville),2
Libre Bodoni,OFL-1.1,ofl/librebodoni,"Pablo Impallari, Rodrigo Fuenzalida",Copyright 2012 The Libre Bodoni Project Authors (https://github.com/googlefonts/Libre-Bodoni/),2
Libre Caslon Condensed,OFL-1.1,ofl/librecasloncondensed,"Pablo Impallari, Rodrigo Fuenzalida, Ertekin Erdin",Copyright 2020 The Libre Caslon Condensed Project Authors (https://github.com/ertekinno/libre-caslon-condensed),2
Libre Caslon Display,OFL-1.1,ofl/librecaslondisplay,Impallari Type,Copyright 2012 The Libre Caslon Display Authors (https://github.com/impallari/Libre-Caslon-Display),1
Libre Caslon Text,OFL-1.1,ofl/librecaslontext,Pablo Impallari,Copyright 2020 The Libre Caslon Text Project Authors (https://github.com/thundernixon/Libre-Caslon),2
Libre Franklin,OFL-1.1,ofl/librefranklin,Impallari Type,Copyright 2020 The Libre Franklin Project Authors (https://github.com/googlefonts/Libre-Franklin),2
Licorice,OFL-1.1,ofl/licorice,Robert Leuschke,Copyright 2004 The Licorice Project Authors (https://github.com/googlefonts/licorice),1
Life Savers,OFL-1.1,ofl/lifesavers,Impallari Type,Copyright 2012 The Life Savers Project Authors (https://github.com/googlefonts/life-savers),3
Lilex,OFL-1.1,ofl/lilex,"Mike Abbink, Paul van der Laan, Pieter van Rosmalen, Mikhael Khrustik",Copyright 2019 The Lilex Project Authors (https://github.com/mishamyrt/Lilex),2
Lilita One,OFL-1.1,ofl/lilitaone,Juan Montoreano,"Copyright (c) 2011 Juan Montoreano (juan@remolacha.biz), with Reserved Font Names \""Lilita One\""",1
Lily Script One,OFL-1.1,ofl/lilyscriptone,Julia Petretta,"Copyright (c) 2012-2013, Julia Petretta (www.juliapetretta.com julia.petretta@googlemail.com), with Reserved Font Name \'Lily\'",1
Limelight,OFL-1.1,ofl/limelight,"Nicole Fally, Sorkin Type","Copyright (c) 2010 by Sorkin Type Co (eben@eyebytes.com) with Reserved Font Name Limelight. This Font Software is licensed under the SIL Open Font License, Version 1.1. This license is available with a FAQ at: http://scripts.sil.org/OFL",1
Linden Hill,OFL-1.1,ofl/lindenhill,Barry Schwartz,"Copyright (c) 2010, Barry Schwartz (chemoelectric@chemoelectric.org)",2
Linefont,OFL-1.1,ofl/linefont,Dmitry Ivanov,Copyright 2022 The Linefont Project Authors (https://github.com/dy/linefont),1
LINE Seed JP,OFL-1.1,ofl/lineseedjp,"LY Corporation, RixFont, Fontworks",© LY Corporation,4
Lisu Bosa,OFL-1.1,ofl/lisubosa,SIL International,"Copyright (c) 1998-2019 David Morse (original regular), Copyright (c) 2019-2023 SIL International (revised regular, bold, italic, bold italic), Copyright (c) 2014-2019 Adobe (http://www.adobe.com/) (Latin glyphs)",16
Liter,OFL-1.1,ofl/liter,"Anton Skugarov, Alexandr Ivanin",Copyright 2023 The Liter Project Authors (https://github.com/skugiz/liter),1
Literata,OFL-1.1,ofl/literata,TypeTogether,Copyright 2017 The Literata Project Authors (https://github.com/googlefonts/literata),2
Liu Jian Mao Cao,OFL-1.1,ofl/liujianmaocao,"Liu Zhengjiang, Kimberly Geswein, ZhongQi",Copyright 2018 The Liu Jian Mao Cao Project Authors (https://www.github.com/googlefonts/liujianmaocao),1
Livvic,OFL-1.1,ofl/livvic,"LV=, Jacques Le Bailly",Copyright 2019 The Livvic Project Authors (https://github.com/Fonthausen/Livvic),16
Lobster,OFL-1.1,ofl/lobster,Impallari Type,"Copyright 2010 The Lobster Project Authors (https://github.com/impallari/The-Lobster-Font), with Reserved Font Name \""Lobster\"".",1
Lobster Two,OFL-1.1,ofl/lobstertwo,Impallari Type,Copyright (c) 2011 by Pablo Impallari (www.impallari.com impallari@gmail.com). All rights reserved.,4
Lohit Bengali,OFL-1.1,ofl/lohitbengali,Multiple Designers,Copyright 2011 Lohit Fonts Project contributors (psatpute@redhat.com). <http://fedorahosted.org/lohit> Licensed under the SIL Open Font License 1.1 (see file OFL.txt),1
lohitdevanagari,OFL-1.1,ofl/lohitdevanagari,,Copyright 2011-13 Lohit Fonts Project contributors,1
Lohit Tamil,OFL-1.1,ofl/lohittamil,Multiple Designers,Copyright 2011 Lohit Fonts Project contributors (psatpute@redhat.com). <http://fedorahosted.org/lohit> Licensed under the SIL Open Font License 1.1 (see file OFL.txt),1
Londrina Outline,OFL-1.1,ofl/londrinaoutline,Marcelo Magalhães,"Copyright 2011 The Londrina Outline Authors (https://github.com/marcelommp/Londrina-Typeface), with Reserved Font Name \""Londrina Outline\""",1
Londrina Shadow,OFL-1.1,ofl/londrinashadow,Marcelo Magalhães,"Copyright 2011 The Londrina Shadow Authors (https://github.com/marcelommp/Londrina-Typeface), with Reserved Font Name \""Londrina Shadow\""",1
Londrina Sketch,OFL-1.1,ofl/londrinasketch,Marcelo Magalhães,"Copyright 2011 The Londrina Sketch Authors (https://github.com/marcelommp/Londrina-Typeface), with Reserved Font Name \""Londrina Sketch\""",1
Londrina Solid,OFL-1.1,ofl/londrinasolid,Marcelo Magalhães,"Copyright 2011 The Londrina Solid Authors (https://github.com/marcelommp/Londrina-Typeface), with Reserved Font Name \""Londrina Solid\""",4
Long Cang,OFL-1.1,ofl/longcang,Chen Xiaomin,Copyright 2018 The LongCang Project Authors (https://github.com/googlefonts/longcang),1
Lora,OFL-1.1,ofl/lora,Cyreal,"Copyright 2011 The Lora Project Authors (https://github.com/cyrealtype/Lora-Cyrillic), with Reserved Font Name \""Lora\"".",2
Loved by the King,OFL-1.1,ofl/lovedbytheking,Kimberly Geswein,Copyright (c) 2006 by Kimberly Geswein (kimberlygeswein@gmail.com). All rights reserved.,1
Love Light,OFL-1.1,ofl/lovelight,Robert Leuschke,Copyright 2003 The Love Light Project Authors (https://github.com/googlefonts/love-light),1
Lovers Quarrel,OFL-1.1,ofl/loversquarrel,Robert Leuschke,Copyright 2004 The Lovers Quarrel Project Authors (https://github.com/googlefonts/lovers-quarrel),1
Love Ya Like A Sister,OFL-1.1,ofl/loveyalikeasister,Kimberly Geswein,Copyright (c) 2011 by Kimberly Geswein (kimberlygeswein@gmail.com). All rights reserved.,1
Lugrasimo,OFL-1.1,ofl/lugrasimo,"The DocRepair Project, Astigmatic",Copyright 2023 The Lugrasimo Project Authors (https://github.com/docrepair-fonts/lugrasimo-fonts).,1
Lumanosimo,OFL-1.1,ofl/lumanosimo,"The DocRepair Project, Eduardo Tunni",Copyright 2023 The Lumanosimo Project Authors (https://github.com/docrepair-fonts/lumanosimo-fonts).,1
Lunasima,OFL-1.1,ofl/lunasima,"The DocRepair Project, Google",Copyright 2023 The Lunasima Project Authors (https://github.com/docrepair-fonts/lunasima-fonts).,2
Lusitana,OFL-1.1,ofl/lusitana,Ana Paula Megda,"Copyright (c) 2011 by Ana Paula Megda (www.anamegda.com|anapbm@gmail.com), with Reserved Font Name Lusitana.",2
Lustria,OFL-1.1,ofl/lustria,MADType,"Copyright (c) 2011, Matthew Desmond (http://www.madtype.com | mattdesmond@gmail.com), with Reserved Font Name Lustria",1
Luxurious Roman,OFL-1.1,ofl/luxuriousroman,Robert Leuschke,Copyright 2015-2021 The Luxurious Roman Project Authors (https://github.com/googlefonts/luxurious-roman),1
Luxurious Script,OFL-1.1,ofl/luxuriousscript,Robert Leuschke,Copyright 2015-2021 The Luxurious Project Authors (https://github.com/googlefonts/luxurious),1
LXGW Marker Gothic,OFL-1.1,ofl/lxgwmarkergothic,LXGW,Copyright 2024 The LXGW Marker Gothic Project Authors (https://github.com/lxgw/LxgwMarkerGothic),1
LXGW WenKai Mono TC,OFL-1.1,ofl/lxgwwenkaimonotc,LXGW,Copyright 2024 The LXGW WenKai Project Authors (https://github.com/lxgw/LxgwWenkaiTC),3
LXGW WenKai TC,OFL-1.1,ofl/lxgwwenkaitc,LXGW,Copyright 2024 The LXGW WenKai Project Authors (https://github.com/lxgw/LxgwWenkaiTC),3
Macondo,OFL-1.1,ofl/macondo,John Vargas Beltrán,"Copyright (c) 1997 - 2011, John Vargas Beltran. (www.johnvargasbeltran.com|john.vargasbeltran@gmail.com), with Reserved Font Name \""Macondo\""",1
Macondo Swash Caps,OFL-1.1,ofl/macondoswashcaps,John Vargas Beltrán,"Copyright (c) 1997 - 2011, John Vargas Beltran. (www.johnvargasbeltran.com|john.vargasbeltran@gmail.com), with Reserved Font Name \""Macondo\""",1
Mada,OFL-1.1,ofl/mada,"Khaled Hosny, Paul D. Hunt","Copyright 2015-2022 The Mada Project Authors (https://github.com/aliftype/mada), with Reserved Font Name \""Source\"".",1
Madimi One,OFL-1.1,ofl/madimione,"Taurai Valerie Mtake, Mirko Velimirović",Copyright 2024 The Madimi One Project Authors (https://github.com/TaVaTake/madimi),1
Magra,OFL-1.1,ofl/magra,FontFuror,"Copyright (c) 2011, FontFuror (info@fontfuror.com), with Reserved Names \""Magra\"" \""Magra Pro\""",2
Maitree,OFL-1.1,ofl/maitree,Cadson Demak,"Copyright (c) 2015, Cadson Demak (info@cadsondemak.com)",6
Major Mono Display,OFL-1.1,ofl/majormonodisplay,Emre Parlak,Copyright 2018 The Major Mono Project Authors (https://github.com/googlefonts/majormono),1
Mako,OFL-1.1,ofl/mako,Vernon Adams,Copyright 2007 The Mako Project Authors (https://github.com/googlefonts/MakoFont),1
Mali,OFL-1.1,ofl/mali,Cadson Demak,Copyright 2018 The Mali Project Authors (https://github.com/cadsondemak/Mali),12
Mallanna,OFL-1.1,ofl/mallanna,Purushoth Kumar Guttula,"Copyright (c) 2012 Andhrapradesh Society for Knowledge Networks (fonts.siliconandhra.org). Copyright (c) 2011, Vernon Adams (vern@newtypography.co.uk), with Reserved Font Name Nunito",1
Maname,OFL-1.1,ofl/maname,"Pathum Egodawatta, Mooniak",Copyright 2015-2023 The Maname Project Authors (https://github.com/mooniak/maname-font),1
Mandali,OFL-1.1,ofl/mandali,Purushoth Kumar Guttula,"Copyright (c) 2012 Silicon Andhra (fonts.siliconandhra.org). Copyright (c) 2011, Vernon Adams (vern@newtypography.co.uk), with Reserved Font Name Nunito",1
Manjari,OFL-1.1,ofl/manjari,Santhosh Thottingal,Copyright 2018 The Manjari Project Authors (https://gitlab.com/smc/fonts/manjari),3
Manrope,OFL-1.1,ofl/manrope,Mikhail Sharanda,Copyright 2019 The Manrope Project Authors (https://github.com/sharanda/manrope),1
Mansalva,OFL-1.1,ofl/mansalva,Carolina Short,Copyright 2022 The Mansalva Project Authors (https://github.com/carolinashort/mansalva),1
Manuale,OFL-1.1,ofl/manuale,Omnibus-Type,Copyright 2019 The Manuale Project Authors (https://github.com/Omnibus-Type/Manuale),2
Manufacturing Consent,OFL-1.1,ofl/manufacturingconsent,Fredrick Brennan,Copyright 2019 The Manufacturing Consent Project Authors (https://github.com/googlefonts/manufacturing-consent-font),1
Marcellus,OFL-1.1,ofl/marcellus,Astigmatic,"Copyright (c) 2012 by Brian J. Bonislawsky DBA Astigmatic (AOETI) (astigma@astigmatic.com), with Reserved Font Name \""Marcellus\""",1
Marcellus SC,OFL-1.1,ofl/marcellussc,Astigmatic,"Copyright (c) 2012 by Brian J. Bonislawsky DBA Astigmatic (AOETI) (astigma@astigmatic.com), with Reserved Font Name \""Marcellus\""",1
Marck Script,OFL-1.1,ofl/marckscript,Denis Masharov,"Copyright (c) 2011, Denis Masharov <denis.masharov@gmail.com>, Marck Fogel, with Reserved Font Names \""Marck Script\"".",1
Margarine,OFL-1.1,ofl/margarine,Astigmatic,"Copyright (c) 2012 by Brian J. Bonislawsky DBA Astigmatic (AOETI) (astigma@astigmatic.com), with Reserved Font Name \""Margarine\""",1
Marhey,OFL-1.1,ofl/marhey,"Nur Syamsi, Bustanul Arifin",Copyright 2022 The Marhey Project Authors (https://github.com/namelatype/Marhey),1
Markazi Text,OFL-1.1,ofl/markazitext,"Borna Izadpanah, Florian Runge, Fiona Ross",Copyright 2017 The Markazi Text Project Authors (https://github.com/BornaIz/markazitext),1
markazitextvfbeta,OFL-1.1,ofl/markazitextvfbeta,,Copyright 2017 The Markazi Text Project Authors (https://github.com/BornaIz/markazitext),1
Marko One,OFL-1.1,ofl/markoone,Cyreal,"Copyright (c) 2011, Cyreal (www.cyreal.org a@cyreal.org) with Reserved Font Name \""Marko\"" and \""Marko One\"".",1
Marmelad,OFL-1.1,ofl/marmelad,"Cyreal, Manvel Shmavonyan",Copyright 2016 The Marmelad Project Authors (https://github.com/cyrealtype/Marmelad-Cyrillic),1
Martel,OFL-1.1,ofl/martel,Dan Reynolds,"Copyright (c) 2015 Dan Reynolds. Copyright (c) 2010-2015, Sorkin Type Co (www.sorkintype.com) with Reserved Font Name \'Merriweather\'",7
Martel Sans,OFL-1.1,ofl/martelsans,"Dan Reynolds, Mathieu Réguer",Copyright (c) 2014 Dan Reynolds. Copyright (c) 2014 Mathieu Rguer.,7
Martian Mono,OFL-1.1,ofl/martianmono,"Roman Shamin, Evil Martians",Copyright 2020 The Martian Mono Project Authors (https://github.com/evilmartians/mono),1
Marvel,OFL-1.1,ofl/marvel,Carolina Trebol,"Copyright (c) 2011, Carolina Trebol <ca@fromzero.org>, with Reserved Font Name \""Marvel\"".",4
Ma Shan Zheng,OFL-1.1,ofl/mashanzheng,Ma ShanZheng,Copyright 2018 The MaShanZheng Project Authors (https://github.com/googlefonts/mashanzheng),1
Matangi,OFL-1.1,ofl/matangi,The Graphic Ant,Copyright 2021 The Matangi Project Authors (https://github.com/thegraphicant/Matangi),1
Mate,OFL-1.1,ofl/mate,Eduardo Tunni,"Copyright 2011 The Mate Project Authors (https://github.com/etunni/mate) with Reserved Font Name \""Mate\""",2
Matemasie,OFL-1.1,ofl/matemasie,Adam Yeo,Copyright 2024 The Matemasie Project Authors (https://github.com/YADAMSS/Matemasie-Font/),1
Mate SC,OFL-1.1,ofl/matesc,Eduardo Tunni,"Copyright 2011 The Mate Project Authors (https://github.com/etunni/mate) with Reserved Font Name \""Mate\""",1
Maven Pro,OFL-1.1,ofl/mavenpro,Joe Prince,"Copyright 2011 The Maven Pro Project Authors (https://github.com/m4rc1e/mavenproFont), with Reserved Font Name \""Maven Pro\"".",1
mavenprovfbeta,OFL-1.1,ofl/mavenprovfbeta,,"Copyright 2011 The Maven Pro Project Authors (http://www.vissol.co.uk/mavenpro/), with Reserved Font Name ""Maven Pro"".",1
McLaren,OFL-1.1,ofl/mclaren,Astigmatic,"Copyright (c) 2012 by Brian J. Bonislawsky DBA Astigmatic (AOETI) (astigma@astigmatic.com), with Reserved Font Name \""McLaren\""",1
Mea Culpa,OFL-1.1,ofl/meaculpa,Robert Leuschke,Copyright 2003-2021 The Mea Culpa Project Authors (https://github.com/googlefonts/mea-culpa),1
Meddon,OFL-1.1,ofl/meddon,Vernon Adams,Copyright (c) 2011 by Vernon Adams (vern@newtypography.co.uk) with Reserved Font Name \'Meddon\'. All rights reserved.,1
MedievalSharp,OFL-1.1,ofl/medievalsharp,Wojciech Kalinowski,"Copyright (c) 2011, Wojciech \'wmk69\' Kalinowski (wmk69@o2.pl)",1
Medula One,OFL-1.1,ofl/medulaone,LatinoType,"Copyright (c) 2011 by LatinoType Limitada (luciano@latinotype.com), with Reserved Font Names \""Medula\""",1
Meera Inimai,OFL-1.1,ofl/meerainimai,SMC,"Copyright 2012-2016 Hussain K.H, Santhosh Thottingal, Anilan NG, AKM Kutty, Swathanthra Malayalam Computing (http://smc.org.in)",1
Megrim,OFL-1.1,ofl/megrim,Daniel Johnson,"Copyright (c) 2010, 2011 by Daniel Johnson (il.basso.buffo@gmail.com). Released under the terms of the SIL Open Font License.",1
Meie Script,OFL-1.1,ofl/meiescript,"Johan Kallas, Mihkel Virkus","Copyright (c) 2011, 2012 Johan Kallas (johankallas@gmail.com), Mihkel Virkus (mihkelvirkus@gmail.com), with Reserved Font Name \'Meie Script\'",1
Menbere,OFL-1.1,ofl/menbere,"Aleme Tadesse, Sorkin Type, Eben Sorkin",Copyright 2022 The Menbere Project Authors (https://github.com/SorkinType/Menbere/),1
Meow Script,OFL-1.1,ofl/meowscript,Robert Leuschke,Copyright 2017 The Meow Script Project Authors (https://github.com/googlefonts/meow-script),1
Merge One,OFL-1.1,ofl/mergeone,Kosal Sen,"Copyright (c) 2012, Kosal Sen, Philatype (holla@philatype.com), with Reserved Font Name \'Merge\'",1
Merienda,OFL-1.1,ofl/merienda,Eduardo Tunni,Copyright 2017 The Merienda Project Authors (https://github.com/etunni/merienda),1
Merriweather,OFL-1.1,ofl/merriweather,Sorkin Type,"Copyright 2024 The Merriweather Project Authors (https://github.com/EbenSorkin/Merriweather4) with Reserved Font Name \""Merriweather\"".",2
Merriweather Sans,OFL-1.1,ofl/merriweathersans,Sorkin Type,Copyright 2019 The Merriweather Project Authors (https://github.com/SorkinType/Merriweather-Sans),2
Mervale Script,OFL-1.1,ofl/mervalescript,Astigmatic,"Copyright (c) 2012 by Brian J. Bonislawsky DBA Astigmatic (AOETI) (astigma@astigmatic.com), with Reserved Font Name \""Mervale Script\""",1
Metal,OFL-1.1,ofl/metal,Danh Hong,Copyright 2019 The Metal Project Authors (https://github.com/danhhong/Metal),1
Metal Mania,OFL-1.1,ofl/metalmania,Open Window,"Copyright (c) 2012 by Open Window (dathanboardman@gmail.com) with Reseved Font Name \""Metal Mania\""",1
Metamorphous,OFL-1.1,ofl/metamorphous,James Grieshaber,"Copyright (c) 2011, Sorkin Type Co (www.sorkintype.com eben@eyebytes.com) with Reserved Font Name \""Metamorphous\"".",1
Metrophobic,OFL-1.1,ofl/metrophobic,Vernon Adams,"Copyright 2011 The Metrophobic Project Authors (https://github.com/googlefonts/MetrophobicFont), with Reserved Font Name \'Metrophobic\'.",1
Miama,OFL-1.1,ofl/miama,Linus Romer,"Copyright (c) 2008-2011, Linus Romer, with Reserved Font Name Miama. This Font Software is licensed under the SIL Open Font License, Version 1.1.",1
Michroma,OFL-1.1,ofl/michroma,Vernon Adams,Copyright 2011 The Michroma Project Authors (https://github.com/googlefonts/Michroma-font),1
Micro 5,OFL-1.1,ofl/micro5,Sarah Cadigan-Fried,Copyright 2023 The Soft Type Project Authors (https://github.com/scfried/soft-type-micro),1
Micro 5 Charted,OFL-1.1,ofl/micro5charted,Sarah Cadigan-Fried,Copyright 2023 The Soft Type Project Authors (https://github.com/scfried/soft-type-micro),1
Milonga,OFL-1.1,ofl/milonga,Impallari Type,"Copyright (c) 2011, Pablo Impallari (www.impallari.com|impallari@gmail.com), Copyright (c) 2011, Brenda Gallo (gbrenda1987@gmail.com), Copyright (c) 2011, Rodrigo Fuenzalida (www.rfuenzalida.com|hello@rfuenzalida.com), with Reserved Font Name Milonga.",1
Miltonian,OFL-1.1,ofl/miltonian,Impallari Type,Copyright (c) 2011 by Pablo Impallari (www.impallari.com impallari@gmail.com). Igino Marini (www.ikern.com),1
Miltonian Tattoo,OFL-1.1,ofl/miltoniantattoo,Impallari Type,Copyright (c) 2011 by Pablo Impallari (www.impallari.com impallari@gmail.com). Igino Marini (www.ikern.com),1
Mina,OFL-1.1,ofl/mina,"Suman Bhandary, Natanael Gama, Mooniak","Copyright 2015 The Mina Project Authors, with Reserved Font Name \'Exo\'",2
Mingzat,OFL-1.1,ofl/mingzat,SIL International,"Lepcha glyph design copyright (c) 2001, GlavyFonts and copyright (c) 2006 Athinkra, LLC. OpenType code copyright (c) 2010-2026, SIL Global (https://www.sil.org/). Latin glyph design copyright (c) 1994-2026, SIL Global (https://www.sil.org/).",1
Miniver,OFL-1.1,ofl/miniver,Open Window,"Copyright (c) 2011 by Open Window (dathanboardman@gmail.com) with Reseved Font Name \""Miniver\""",1
Miranda Sans,OFL-1.1,ofl/mirandasans,Max Thunberg,Copyright 2025 The Miranda Sans Project Authors (https://github.com/maxthunberg/miranda-sans/),2
Miriam Libre,OFL-1.1,ofl/miriamlibre,Michal Sahar,Copyright 2023 The Miriam Libre Project Authors (https://github.com/simoncozens/Miriam-Libre/),1
Mirza,OFL-1.1,ofl/mirza,KB Studio,"Copyright 2015, 2016 KB-Studio (www.k-b-studio.com|tarobish@gmail.com). Copyright 2015, 2016 Lasse Fister (lasse@graphicore.de). Copyright 2015, 2016 Eduardo Tunni(edu@tipo.net.ar).",4
Miss Fajardose,OFL-1.1,ofl/missfajardose,Sudtipos,"Copyright (c) 2004 Alejandro Paul (sudtipos@sudtipos.com), with Reserved Font Name \""MissFajardose\""",1
Mitr,OFL-1.1,ofl/mitr,Cadson Demak,"Copyright (c) 2015, Cadson Demak (info@cadsondemak.com)",6
Mochiy Pop One,OFL-1.1,ofl/mochiypopone,FONTDASU,Copyright 2020 The MochiyPop Project Authors (https://github.com/fontdasu/Mochiypop),1
Mochiy Pop P One,OFL-1.1,ofl/mochiypoppone,FONTDASU,Copyright 2020 The MochiyPop Project Authors (https://github.com/fontdasu/Mochiypop),1
Modak,OFL-1.1,ofl/modak,Ek Type,Copyright (c) 2015 Ek Type (www.ektype.in),1
Modern Antiqua,OFL-1.1,ofl/modernantiqua,Wojciech Kalinowski,"Copyright (c) 2011, wmk69, (wmk69@o2.pl), with Reserved Font Names \'ModernAntiqua\' and \'Modern Antiqua\'. This Font Software is licensed under the SIL Open Font License, Version 1.1. This license is available with a FAQ at: http://scripts.sil.org/OFL",1
Moderustic,OFL-1.1,ofl/moderustic,Tural Alisoy,Copyright 2021 The Moderustic Project Authors (https://github.com/Tural/Moderustic),1
Mogra,OFL-1.1,ofl/mogra,Lipi Raval,Copyright (c) 2015 Lipi Raval (raval.lipi@gmail.com),1
Mohave,OFL-1.1,ofl/mohave,Gumpita Rahayu,Copyright 2019 The Mohave Project Authors (https://github.com/tokotype/Mohave-Typefaces),2
Moirai One,OFL-1.1,ofl/moiraione,"Jiyeon Park, JAMO",Copyright 2022 The Moirai Project Authors (https://github.com/JAMO-TYPEFACE/Moirai),1
Molengo,OFL-1.1,ofl/molengo,Denis Jacquerye,"Copyright (c) 2007, Denis Moyogo Jacquerye <moyogo@gmail.com>, with Reserved Font Name Molengo",1
Molle,OFL-1.1,ofl/molle,Elena Albertoni,"Copyright (c) 2011, Sorkin Type Co (www.sorkintype.com eben@eyebytes.com) with Reserved Font Name \""Spinnaker\"".",1
Momo Signature,OFL-1.1,ofl/momosignature,Type Associates,Copyright 2024 The Momo Signature Project Authors (https://github.com/typeassociates),1
Momo Trust Display,OFL-1.1,ofl/momotrustdisplay,Type Associates,Copyright 2024 The Momo Trust Project Authors (https://github.com/typeassociates/MomoTrustDisplay),1
Momo Trust Sans,OFL-1.1,ofl/momotrustsans,Type Associates,Copyright 2024 The Momo Trust Project Authors (https://github.com/typeassociates/MomoTrustSans),1
Mona Sans,OFL-1.1,ofl/monasans,"Tobias Bjerrome Ahlin, GitHub, Degarism Studio, Sebastian Carewe","Copyright 2022 The Mona Sans Project Authors (https://github.com/github/mona-sans), with Reserved Font Name \""Mona\""",2
Monda,OFL-1.1,ofl/monda,Vernon Adams,Copyright 2021 The Monda Project Authors (https://github.com/googlefonts/mondaFont),1
Monofett,OFL-1.1,ofl/monofett,Vernon Adams,"Copyright 2010 The Monofett Project Authors (https://github.com/googlefonts/monofett), with Reserved Font Name Monofett.",1
Monomakh,OFL-1.1,ofl/monomakh,"Aleksandr Andreev, Nikita Simmons",Copyright 2025 The Monomakh Project Authors (https://github.com/slavonic/Monomakh/),1
Monomaniac One,OFL-1.1,ofl/monomaniacone,Maniackers Design,"Copyright 2020 The Monomaniac Project Authors (https://github.com/ManiackersDesign/monomaniac), all rights reserved.",1
Monoton,OFL-1.1,ofl/monoton,Vernon Adams,"Copyright (c) 2011, Vernon Adams (vern@newtypography.co.uk) with Reserved Font Name \'Monoton\'. All rights reserved.",1
Monsieur La Doulaise,OFL-1.1,ofl/monsieurladoulaise,Sudtipos,"Copyright (c) 2006 Alejandro Paul (sudtipos@sudtipos.com), with Reserved Font Name \""MonsieurLaDoulaise\""",1
Montaga,OFL-1.1,ofl/montaga,Alejandra Rodriguez,"Copyright (c) 2011, Alejandra Rodriguez (ale_guez@yahoo.com.ar http://twitter.com/ale_guez), with Reserved Font Name \""Montaga\""",1
Montagu Slab,OFL-1.1,ofl/montaguslab,Florian Karsten,Copyright 2021 The Montagu Slab Project Authors (https://github.com/floriankarsten/montagu-slab),1
MonteCarlo,OFL-1.1,ofl/montecarlo,Robert Leuschke,Copyright 2011 The MonteCarlo Project Authors (https://github.com/googlefonts/monte-carlo),1
Montenegrin Gothic One,OFL-1.1,ofl/montenegringothicone,Žarko Banović,Copyright 2014 The Montenegrin Gothic One Project Authors (https://github.com/MagicformDesign/montenegrin-gothic-one),1
Montserrat,OFL-1.1,ofl/montserrat,"Julieta Ulanovsky, Sol Matas, Juan Pablo del Peral, Jacques Le Bailly",Copyright 2011 The Montserrat Project Authors (https://github.com/JulietaUla/Montserrat),2
Montserrat Alternates,OFL-1.1,ofl/montserratalternates,"Julieta Ulanovsky, Sol Matas, Juan Pablo del Peral, Jacques Le Bailly",Copyright 2011 The Montserrat Project Authors (https://github.com/JulietaUla/Montserrat),18
Montserrat Subrayada,OFL-1.1,ofl/montserratsubrayada,Julieta Ulanovsky,"Copyright (c) 2011-2012, Julieta Ulanovsky (julieta.ulanovsky@gmail.com), with Reserved Font Names \'Montserrat\'",2
Montserrat Underline,OFL-1.1,ofl/montserratunderline,"Julieta Ulanovsky, Sol Matas, Juan Pablo del Peral, Jacques Le Bailly",Copyright 2011 The Montserrat Project Authors (https://github.com/JulietaUla/Montserrat),2
Moo Lah Lah,OFL-1.1,ofl/moolahlah,Robert Leuschke,Copyright 2003-2021 The Moo Lah Lah Project Authors (https://github.com/googlefonts/moolahlah),1
Mooli,OFL-1.1,ofl/mooli,Vernon Adams,Copyright 2012 The Mooli Project Authors (https://github.com/googlefonts/mooliFont),1
Moon Dance,OFL-1.1,ofl/moondance,Robert Leuschke,Copyright 2004 The Moon Dance Project Authors (https://github.com/googlefonts/moondance),1
Moul,OFL-1.1,ofl/moul,Danh Hong,Copyright 2020 The Moul Project Authors (https://github.com/danhhong/Moul),1
Moulpali,OFL-1.1,ofl/moulpali,Danh Hong,Copyright 2020 The Moulpali Project Authors (https://github.com/danhhong/Moulpali),1
Mouse Memoirs,OFL-1.1,ofl/mousememoirs,Astigmatic,"Copyright (c) 2012 by Brian J. Bonislawsky DBA Astigmatic (AOETI) (astigma@astigmatic.com), with Reserved Font Name \'Mouse Memoirs\'",1
Mozilla Headline,OFL-1.1,ofl/mozillaheadline,Studio DRAMA,Copyright 2025 The Mozilla Headline Project Authors (https://github.com/mozilla/mozilla-headline-type),1
Mozilla Text,OFL-1.1,ofl/mozillatext,Studio DRAMA,Copyright 2025 The Mozilla Text Project Authors (https://github.com/mozilla/mozilla-text-type),1
M PLUS 1,OFL-1.1,ofl/mplus1,Coji Morishita,Copyright 2021 The M+ FONTS Project Authors (https://github.com/coz-m/MPLUS_FONTS),1
M PLUS 1 Code,OFL-1.1,ofl/mplus1code,Coji Morishita,Copyright 2021 The M+ FONTS Project Authors (https://github.com/coz-m/MPLUS_FONTS),1
M PLUS 1p,OFL-1.1,ofl/mplus1p,"Coji Morishita, M+ Fonts Project",Copyright 2016 The M+ Project Authors.,7
M PLUS 2,OFL-1.1,ofl/mplus2,Coji Morishita,Copyright 2021 The M+ FONTS Project Authors (https://github.com/coz-m/MPLUS_FONTS),1
M PLUS Code Latin,OFL-1.1,ofl/mpluscodelatin,Coji Morishita,Copyright 2021 The M+ FONTS Project Authors (https://github.com/coz-m/MPLUS_FONTS),1
M PLUS Rounded 1c,OFL-1.1,ofl/mplusrounded1c,"Coji Morishita, M+ Fonts Project",Copyright 2016 The Rounded M+ Project Authors.,7
M PLUS U,OFL-1.1,ofl/mplusu,Coji Morishita,Copyright 2025 The M+ FONTS Project Authors (https://github.com/coz-m/MPLUS_FONTS),1
Mr Bedfort,OFL-1.1,ofl/mrbedfort,Sudtipos,"Copyright (c) 2006 Alejandro Paul (sudtipos@sudtipos.com), with Reserved Font Name \""Mr Bedfort\""",1
Mr Dafoe,OFL-1.1,ofl/mrdafoe,Sudtipos,"Copyright (c) 2004 Alejandro Paul (sudtipos@sudtipos.com), with Reserved Font Name \""Mr Dafoe\""",1
Mr De Haviland,OFL-1.1,ofl/mrdehaviland,Sudtipos,"Copyright (c) 2006 Alejandro Paul (sudtipos@sudtipos.com), with Reserved Font Name \""Mr De Haviland\""",1
Mrs Saint Delafield,OFL-1.1,ofl/mrssaintdelafield,Sudtipos,"Copyright (c) 2004 Alejandro Paul (sudtipos@sudtipos.com), with Reserved Font Name \""Mrs Saint Delafield\""",1
Mrs Sheppards,OFL-1.1,ofl/mrssheppards,Sudtipos,"Copyright (c) 2004 Alejandro Paul (sudtipos@sudtipos.com), with Reserved Font Name \""Mrs Sheppards\""",1
Ms Madi,OFL-1.1,ofl/msmadi,Robert Leuschke,Copyright 2018 The Ms Madi Project Authors (https://github.com/googlefonts/ms-madi),1
Mukta,OFL-1.1,ofl/mukta,Ek Type,"Copyright (c) 2014, Girish Dalvi, Ek Type. All rights reserved.",7
Mukta Mahee,OFL-1.1,ofl/muktamahee,Ek Type,"Copyright (c) 2017, Ek Type. All rights reserved.",7
Mukta Malar,OFL-1.1,ofl/muktamalar,Ek Type,"Copyright (c) 2016, Ek Type. All rights reserved.",7
Mukta Vaani,OFL-1.1,ofl/muktavaani,Ek Type,"Copyright (c) 2016, Ek Type. All rights reserved.",7
Mulish,OFL-1.1,ofl/mulish,"Vernon Adams, Cyreal, Jacques Le Bailly",Copyright 2016 The Mulish Project Authors (https://github.com/googlefonts/mulish),2
Murecho,OFL-1.1,ofl/murecho,Neil Summerour,Copyright 2021 The Murecho Project Authors (https://github.com/positype/Murecho-Project),1
MuseoModerno,OFL-1.1,ofl/museomoderno,Omnibus-Type,Copyright 2020 The MuseoModerno Project Authors (https://github.com/Omnibus-Type/MuseoModerno),2
myanmarsanspro,OFL-1.1,ofl/myanmarsanspro,,"Copyright (c) 2013 - 2014, Danh Hong (danhhong@gmail.com)",1
Mynerve,OFL-1.1,ofl/mynerve,Carolina Short,Copyright 2022 The Mynerve Project Authors (https://github.com/carolinashort/MyNerve),1
My Soul,OFL-1.1,ofl/mysoul,Robert Leuschke,Copyright 2016 The My Soul Project Authors (https://github.com/googlefonts/my-soul),1
Mystery Quest,OFL-1.1,ofl/mysteryquest,Sideshow,"Copyright (c) 2012 by Font Diner, Inc DBA Sideshow (diner@fontdiner.com) with Reserved Font Name \""Mystery Quest\""",1
Nabla,OFL-1.1,ofl/nabla,"Arthur Reinders Folmer, Just van Rossum",Copyright 2022 The Nabla Project Authors (https://github.com/justvanrossum/nabla),1
Namdhinggo,OFL-1.1,ofl/namdhinggo,SIL International,"Copyright (c) 2002-2022, SIL International (http://www.sil.org/),\nwith Reserved Font Names \""Namdhinggo\"" and \""SIL\"".",5
Nanum Brush Script,OFL-1.1,ofl/nanumbrushscript,Sandoll Communication,Copyright © 2010 NHN Corporation. All rights reserved. Font designed by Sandoll Communications Inc.,1
Nanum Gothic,OFL-1.1,ofl/nanumgothic,Sandoll Communication,Copyright © 2010 NHN Corporation. All rights reserved. Font designed by Sandoll Communications Inc.,3
Nanum Gothic Coding,OFL-1.1,ofl/nanumgothiccoding,Sandoll Communication,Copyright © 2009 NHN Corporation. All rights reserved. Font designed by Sandoll Communications Inc.,2
Nanum Myeongjo,OFL-1.1,ofl/nanummyeongjo,Sandoll Communication,Copyright © 2010 NHN Corporation. All rights reserved. Font designed by FONTRIX.,3
Nanum Pen Script,OFL-1.1,ofl/nanumpenscript,Sandoll Communication,Copyright © 2010 NHN Corporation. All rights reserved. Font designed by Sandoll Communications Inc.,1
Narnoor,OFL-1.1,ofl/narnoor,SIL International,"Original font copyright (c) 2014-2017 CDAST, University of Hyderabad, Hyderabad (cdast@uohyd.ernet.in).\nAdditions and modifications copyright (c) 2015-2023 SIL International (https://www.sil.org/).\nLatin glyphs copyright (c) 2010, 2012, 2014, 2021 Adobe Systems Incorporated\n(http://www.adobe.com/), with Reserved Font Name \'Source\'.",5
Nata Sans,OFL-1.1,ofl/natasans,Daniel Uzquiano,Copyright 2025 The Nata Sans Project Authors (https://github.com/dnlzqn/nata-sans),1
National Park,OFL-1.1,ofl/nationalpark,"Andrea Herstowski, Ben Hoepner, Jeremy Shellhorn",Copyright 2024 The National Park Project Authors (https://github.com/benhoepner/National-Park),1
NATS,OFL-1.1,ofl/nats,Purushoth Kumar Guttula,"Copyright (c) 2012 Silicon Andhra (fonts.siliconandhra.org). Copyright (c) 2011-2012, Julieta Ulanovsky (julieta.ulanovsky@gmail.com), with Reserved Font Names \'Montserrat\'",1
Neonderthaw,OFL-1.1,ofl/neonderthaw,Robert Leuschke,Copyright 2014-2021 The Neonderthaw Project Authors (https://github.com/googlefonts/neonderthaw),1
Nerko One,OFL-1.1,ofl/nerkoone,Nermin Kahrimanovic,Copyright 2013 The Nerko One Project Authors (https://github.com/nermink99/Nerko/),1
Neucha,OFL-1.1,ofl/neucha,Jovanny Lemonad,Copyright (c) 2005-2010 by Jovanny Lemonad (lemonad@jovanny.ru). All rights reserved.,1
Neuton,OFL-1.1,ofl/neuton,Brian Zick,"Copyright 2010 The Neuton Project Authors (http://www.21326.info/), with Reserved Font Name \""Neuton\"".",6
Nevermind,OFL-1.1,ofl/nevermind,lan,Copyright 2025 The Nevermind Project Authors (https://github.com/xmindltd/nevermind),2
New Amsterdam,OFL-1.1,ofl/newamsterdam,Vladimir Nikolic,Copyright 2024 The New Amsterdam Project Authors (https://github.com/vladimirnikolic1/NewAmsterdam),1
New Rocker,OFL-1.1,ofl/newrocker,Impallari Type,"Copyright (c) 2012, Pablo Impallari (www.impallari.com|impallari@gmail.com), Copyright (c) 2012, Brenda Gallo (gbrenda1987@gmail.com), Copyright (c) 2012, Rodrigo Fuenzalida (www.rfuenzalida.com|hello@rfuenzalida.com), with Reserved Font Name \'New Rocker\'",1
News Cycle,OFL-1.1,ofl/newscycle,Nathan Willis,"Copyright (c) 2010-2011, Nathan Willis (nwillis@glyphography.com), with Reserved Font Name \""News Cycle.\""",2
Newsreader,OFL-1.1,ofl/newsreader,Production Type,Copyright 2020 The Newsreader Project Authors (http://github.com/productiontype/Newsreader),2
New Tegomin,OFL-1.1,ofl/newtegomin,Kousuke Nagai,Copyright 2020 The New Tegomin Project Authors (https://github.com/nagamaki008/NewTegomin),1
nicomoji,OFL-1.1,ofl/nicomoji,,Copyright 2016 The Nico Moji Project Authors.,1
Niconne,OFL-1.1,ofl/niconne,Vernon Adams,"Copyright (c) 2011 by vernon adams (vern@newtypography.co.uk), with Reserved Font Name Niconne.",1
nikukyu,OFL-1.1,ofl/nikukyu,,Copyright 2016 The Nikukyu Project Authors.,1
Niramit,OFL-1.1,ofl/niramit,Cadson Demak,Copyright 2018 The Niramit Project Authors (https://github.com/cadsondemak/Niramit),12
Nixie One,OFL-1.1,ofl/nixieone,Jovanny Lemonad,"Copyright (c) 2011, Jovanny Lemonad (lemonad@jovanny.ru), with Reserved Font Name \""Nixie\""",1
Nobile,OFL-1.1,ofl/nobile,Vernon Adams,Copyright (c) 2010 by vernon adams (vern@newtypography.co.uk) with Reserved Font Name \'Nobile\'. All rights reserved.,6
Nokora,OFL-1.1,ofl/nokora,Danh Hong,Copyright 2019 The Nokora Project Authors (https://github.com/danhhong/Nokora),1
Norican,OFL-1.1,ofl/norican,Vernon Adams,Copyright 2011 The Norican Project Authors (https://github.com/googlefonts/NoricanFont),1
Nosifer,OFL-1.1,ofl/nosifer,Typomondo,"Copyright (c) 2011, Vernon Adams DBA Typomondo (vern@newtypography.co.uk), with Reserved Font Name \""Nosifer\""",1
Nosifer Caps,OFL-1.1,ofl/nosifercaps,Typomondo,"Copyright (c) 2011, Vernon Adams DBA Typomondo (vern@newtypography.co.uk), with Reserved Font Name \""Nosifer\""",1
Notable,OFL-1.1,ofl/notable,"Eli Block, Hana Tanimura, Noemie Le Coz",Copyright 2018 The Notable Project Authors (https://github.com/googlefonts/notable),1
Nothing You Could Do,OFL-1.1,ofl/nothingyoucoulddo,Kimberly Geswein,"Copyright (c) 2010, Kimberly Geswein (kimberlygeswein.com kimberlygeswein@gmail.com). This Font Software is licensed under the SIL Open Font License, Version 1.1. This license available with a FAQ at: http://scripts.sil.org/OFL",1
Noticia Text,OFL-1.1,ofl/noticiatext,JM Solé,"Copyright (c) 2011 JM Sole (info@jmsole.cl), with Reserved Font Name \""Noticia Text\"".",4
Noto Color Emoji,OFL-1.1,ofl/notocoloremoji,Google,Copyright 2021 Google Inc. All Rights Reserved.,1
Noto Color Emoji Compat Test,OFL-1.1,ofl/notocoloremojicompattest,Google,Copyright 2022 Google.,1
Noto Emoji,OFL-1.1,ofl/notoemoji,Google,"Copyright 2013, 2022 Google Inc. All Rights Reserved.",1
Noto Kufi Arabic,OFL-1.1,ofl/notokufiarabic,Google,Copyright 2019-2022 Google LLC. All Rights Reserved.,1
Noto Music,OFL-1.1,ofl/notomusic,Google,Copyright 2022 The Noto Project Authors (https://github.com/notofonts/music),1
Noto Naskh Arabic,OFL-1.1,ofl/notonaskharabic,Google,Copyright 2022 The Noto Project Authors (https://github.com/notofonts/arabic),1
Noto Naskh Arabic UI,OFL-1.1,ofl/notonaskharabicui,Google,Copyright 2019 Google LLC. All Rights Reserved.,1
Noto Nastaliq Urdu,OFL-1.1,ofl/notonastaliqurdu,Google,Copyright 2022 The Noto Project Authors (https://github.com/notofonts/nastaliq),1
Noto Rashi Hebrew,OFL-1.1,ofl/notorashihebrew,Google,Copyright 2022 The Noto Project Authors (https://github.com/notofonts/hebrew),1
Noto Sans,OFL-1.1,ofl/notosans,Google,Copyright 2022 The Noto Project Authors (https://github.com/notofonts/latin-greek-cyrillic),2
Noto Sans Adlam,OFL-1.1,ofl/notosansadlam,Google,Copyright 2022 The Noto Project Authors (https://github.com/notofonts/adlam),1
Noto Sans Adlam Unjoined,OFL-1.1,ofl/notosansadlamunjoined,Google,Copyright 2022 The Noto Project Authors (https://github.com/notofonts/adlam),1
Noto Sans Anatolian Hieroglyphs,OFL-1.1,ofl/notosansanatolianhieroglyphs,Google,Copyright 2022 The Noto Project Authors (https://github.com/notofonts/anatolian-hieroglyphs),1
Noto Sans Arabic,OFL-1.1,ofl/notosansarabic,Google,Copyright 2022 The Noto Project Authors (https://github.com/notofonts/arabic),1
Noto Sans Arabic UI,OFL-1.1,ofl/notosansarabicui,Google,Copyright 2016-2020 Google LLC. All Rights Reserved.,1
Noto Sans Armenian,OFL-1.1,ofl/notosansarmenian,Google,Copyright 2022 The Noto Project Authors (https://github.com/notofonts/armenian),1
Noto Sans Avestan,OFL-1.1,ofl/notosansavestan,Google,Copyright 2022 The Noto Project Authors (https://github.com/notofonts/avestan),1
Noto Sans Balinese,OFL-1.1,ofl/notosansbalinese,Google,Copyright 2022 The Noto Project Authors (https://github.com/notofonts/balinese),1
Noto Sans Bamum,OFL-1.1,ofl/notosansbamum,Google,Copyright 2022 The Noto Project Authors (https://github.com/notofonts/bamum),1
Noto Sans Bassa Vah,OFL-1.1,ofl/notosansbassavah,Google,Copyright 2022 The Noto Project Authors (https://github.com/notofonts/bassa-vah),1
Noto Sans Batak,OFL-1.1,ofl/notosansbatak,Google,Copyright 2022 The Noto Project Authors (https://github.com/notofonts/batak),1
Noto Sans Bengali,OFL-1.1,ofl/notosansbengali,Google,Copyright 2025 The Noto Project Authors (https://github.com/notofonts/bengali),1
Noto Sans Bengali UI,OFL-1.1,ofl/notosansbengaliui,Google,Copyright 2017 Google Inc. All Rights Reserved.,1
Noto Sans Bhaiksuki,OFL-1.1,ofl/notosansbhaiksuki,Google,Copyright 2022 The Noto Project Authors (https://github.com/notofonts/bhaiksuki),1
Noto Sans Brahmi,OFL-1.1,ofl/notosansbrahmi,Google,Copyright 2022 The Noto Project Authors (https://github.com/notofonts/brahmi),1
Noto Sans Buginese,OFL-1.1,ofl/notosansbuginese,Google,Copyright 2022 The Noto Project Authors (https://github.com/notofonts/buginese),1
Noto Sans Buhid,OFL-1.1,ofl/notosansbuhid,Google,Copyright 2022 The Noto Project Authors (https://github.com/notofonts/buhid),1
Noto Sans Canadian Aboriginal,OFL-1.1,ofl/notosanscanadianaboriginal,Google,Copyright 2022 The Noto Project Authors (https://github.com/notofonts/canadian-aboriginal),1
Noto Sans Carian,OFL-1.1,ofl/notosanscarian,Google,Copyright 2022 The Noto Project Authors (https://github.com/notofonts/carian),1
Noto Sans Caucasian Albanian,OFL-1.1,ofl/notosanscaucasianalbanian,Google,Copyright 2022 The Noto Project Authors (https://github.com/notofonts/caucasian-albanian),1
Noto Sans Chakma,OFL-1.1,ofl/notosanschakma,Google,Copyright 2022 The Noto Project Authors (https://github.com/notofonts/chakma),1
Noto Sans Cham,OFL-1.1,ofl/notosanscham,Google,Copyright 2022 The Noto Project Authors (https://github.com/notofonts/cham),1
Noto Sans Cherokee,OFL-1.1,ofl/notosanscherokee,Google,Copyright 2022 The Noto Project Authors (https://github.com/notofonts/cherokee),1
Noto Sans Chorasmian,OFL-1.1,ofl/notosanschorasmian,Google,Copyright 2022 The Noto Project Authors (https://github.com/notofonts/chorasmian),1
Noto Sans Coptic,OFL-1.1,ofl/notosanscoptic,Google,Copyright 2022 The Noto Project Authors (https://github.com/notofonts/coptic),1
Noto Sans Cuneiform,OFL-1.1,ofl/notosanscuneiform,Google,Copyright 2022 The Noto Project Authors (https://github.com/notofonts/cuneiform),1
Noto Sans Cypriot,OFL-1.1,ofl/notosanscypriot,Google,Copyright 2022 The Noto Project Authors (https://github.com/notofonts/cypriot),1
Noto Sans Cypro Minoan,OFL-1.1,ofl/notosanscyprominoan,Google,Copyright 2022 The Noto Project Authors (https://github.com/notofonts/cypro-minoan),1
Noto Sans Deseret,OFL-1.1,ofl/notosansdeseret,Google,Copyright 2022 The Noto Project Authors (https://github.com/notofonts/deseret),1
Noto Sans Devanagari,OFL-1.1,ofl/notosansdevanagari,Google,Copyright 2022 The Noto Project Authors (https://github.com/notofonts/devanagari),1
Noto Sans Devanagari UI,OFL-1.1,ofl/notosansdevanagariui,Google,Copyright 2015 Google Inc. All Rights Reserved.,9
Noto Sans Display,OFL-1.1,ofl/notosansdisplay,Google,Copyright 2015 Google Inc. All Rights Reserved.,2
Noto Sans Duployan,OFL-1.1,ofl/notosansduployan,Google,"Copyright 2018-2019, 2022-2023 David Corbett. Copyright 2019-2022 Google LLC. All Rights Reserved.",2
Noto Sans Egyptian Hieroglyphs,OFL-1.1,ofl/notosansegyptianhieroglyphs,Google,Copyright 2022 The Noto Project Authors (https://github.com/notofonts/egyptian-hieroglyphs),1
Noto Sans Elbasan,OFL-1.1,ofl/notosanselbasan,Google,Copyright 2022 The Noto Project Authors (https://github.com/notofonts/elbasan),1
Noto Sans Elymaic,OFL-1.1,ofl/notosanselymaic,Google,Copyright 2022 The Noto Project Authors (https://github.com/notofonts/elymaic),1
Noto Sans Ethiopic,OFL-1.1,ofl/notosansethiopic,Google,Copyright 2022 The Noto Project Authors (https://github.com/notofonts/ethiopic),1
Noto Sans Georgian,OFL-1.1,ofl/notosansgeorgian,Google,Copyright 2022 The Noto Project Authors (https://github.com/notofonts/georgian),1
Noto Sans Glagolitic,OFL-1.1,ofl/notosansglagolitic,Google,Copyright 2022 The Noto Project Authors (https://github.com/notofonts/glagolitic),1
Noto Sans Gothic,OFL-1.1,ofl/notosansgothic,Google,Copyright 2022 The Noto Project Authors (https://github.com/notofonts/gothic),1
Noto Sans Grantha,OFL-1.1,ofl/notosansgrantha,Google,Copyright 2022 The Noto Project Authors (https://github.com/notofonts/grantha),1
Noto Sans Gujarati,OFL-1.1,ofl/notosansgujarati,Google,Copyright 2022 The Noto Project Authors (https://github.com/notofonts/gujarati),1
Noto Sans Gujarati UI,OFL-1.1,ofl/notosansgujaratiui,Google,Copyright 2019 Google Inc. All Rights Reserved.,9
Noto Sans Gunjala Gondi,OFL-1.1,ofl/notosansgunjalagondi,Google,Copyright 2022 The Noto Project Authors (https://github.com/notofonts/gunjala-gondi),1
Noto Sans Gurmukhi,OFL-1.1,ofl/notosansgurmukhi,Google,Copyright 2022 The Noto Project Authors (https://github.com/notofonts/gurmukhi),1
Noto Sans Gurmukhi UI,OFL-1.1,ofl/notosansgurmukhiui,Google,Copyright 2019 Google Inc. All Rights Reserved.,1
Noto Sans Hanifi Rohingya,OFL-1.1,ofl/notosanshanifirohingya,Google,Copyright 2022 The Noto Project Authors (https://github.com/notofonts/hanifi-rohingya),1
Noto Sans Hanunoo,OFL-1.1,ofl/notosanshanunoo,Google,Copyright 2022 The Noto Project Authors (https://github.com/notofonts/hanunoo),1
Noto Sans Hatran,OFL-1.1,ofl/notosanshatran,Google,Copyright 2022 The Noto Project Authors (https://github.com/notofonts/hatran),1
Noto Sans Hebrew,OFL-1.1,ofl/notosanshebrew,Google,Copyright 2024 The Noto Project Authors (https://github.com/notofonts/hebrew),1
Noto Sans HK,OFL-1.1,ofl/notosanshk,Google,"(c) 2014-2021 Adobe (http://www.adobe.com/), with Reserved Font Name 'Source'.",1
Noto Sans Imperial Aramaic,OFL-1.1,ofl/notosansimperialaramaic,Google,Copyright 2022 The Noto Project Authors (https://github.com/notofonts/imperial-aramaic),1
Noto Sans Indic Siyaq Numbers,OFL-1.1,ofl/notosansindicsiyaqnumbers,Google,Copyright 2022 The Noto Project Authors (https://github.com/notofonts/indic-siyaq-numbers),1
Noto Sans Inscriptional Pahlavi,OFL-1.1,ofl/notosansinscriptionalpahlavi,Google,Copyright 2022 The Noto Project Authors (https://github.com/notofonts/inscriptional-pahlavi),1
Noto Sans Inscriptional Parthian,OFL-1.1,ofl/notosansinscriptionalparthian,Google,Copyright 2022 The Noto Project Authors (https://github.com/notofonts/inscriptional-parthian),1
Noto Sans Javanese,OFL-1.1,ofl/notosansjavanese,Google,Copyright 2022 The Noto Project Authors (https://github.com/notofonts/javanese),1
Noto Sans JP,OFL-1.1,ofl/notosansjp,Google,"(c) 2014-2021 Adobe (http://www.adobe.com/), with Reserved Font Name 'Source'.",1
Noto Sans Kaithi,OFL-1.1,ofl/notosanskaithi,Google,Copyright 2022 The Noto Project Authors (https://github.com/notofonts/kaithi),1
Noto Sans Kannada,OFL-1.1,ofl/notosanskannada,Google,Copyright 2022 The Noto Project Authors (https://github.com/notofonts/kannada),1
Noto Sans Kannada UI,OFL-1.1,ofl/notosanskannadaui,Google,Copyright 2018 Google Inc. All Rights Reserved.,1
Noto Sans Kawi,OFL-1.1,ofl/notosanskawi,Google,Copyright 2023 The Noto Project Authors (https://github.com/notofonts/kawi),1
Noto Sans Kayah Li,OFL-1.1,ofl/notosanskayahli,Google,Copyright 2022 The Noto Project Authors (https://github.com/notofonts/kayah-li),1
Noto Sans Kharoshthi,OFL-1.1,ofl/notosanskharoshthi,Google,Copyright 2022 The Noto Project Authors (https://github.com/notofonts/kharoshthi),1
Noto Sans Khmer,OFL-1.1,ofl/notosanskhmer,Google,Copyright 2022 The Noto Project Authors (https://github.com/notofonts/khmer),1
Noto Sans Khmer UI,OFL-1.1,ofl/notosanskhmerui,Google,Copyright 2016 Google Inc. All Rights Reserved.,1
Noto Sans Khojki,OFL-1.1,ofl/notosanskhojki,Google,Copyright 2022 The Noto Project Authors (https://github.com/notofonts/khojki),1
Noto Sans Khudawadi,OFL-1.1,ofl/notosanskhudawadi,Google,Copyright 2022 The Noto Project Authors (https://github.com/notofonts/khudawadi),1
Noto Sans KR,OFL-1.1,ofl/notosanskr,Google,"(c) 2014-2021 Adobe (http://www.adobe.com/), with Reserved Font Name 'Source'.",1
Noto Sans Lao,OFL-1.1,ofl/notosanslao,Google,Copyright 2022 The Noto Project Authors (https://github.com/notofonts/lao),1
Noto Sans Lao Looped,OFL-1.1,ofl/notosanslaolooped,Google,Copyright 2022 The Noto Project Authors (https://github.com/notofonts/lao),1
Noto Sans Lao UI,OFL-1.1,ofl/notosanslaoui,Google,Copyright 2017 Google Inc. All Rights Reserved.,1
Noto Sans Lepcha,OFL-1.1,ofl/notosanslepcha,Google,Copyright 2022 The Noto Project Authors (https://github.com/notofonts/lepcha),1
Noto Sans Limbu,OFL-1.1,ofl/notosanslimbu,Google,Copyright 2022 The Noto Project Authors (https://github.com/notofonts/limbu),1
Noto Sans Linear A,OFL-1.1,ofl/notosanslineara,Google,Copyright 2022 The Noto Project Authors (https://github.com/notofonts/linear-a),1
Noto Sans Linear B,OFL-1.1,ofl/notosanslinearb,Google,Copyright 2022 The Noto Project Authors (https://github.com/notofonts/linear-b),1
Noto Sans Lisu,OFL-1.1,ofl/notosanslisu,Google,Copyright 2022 The Noto Project Authors (https://github.com/notofonts/lisu),1
Noto Sans Lycian,OFL-1.1,ofl/notosanslycian,Google,Copyright 2022 The Noto Project Authors (https://github.com/notofonts/lycian),1
Noto Sans Lydian,OFL-1.1,ofl/notosanslydian,Google,Copyright 2022 The Noto Project Authors (https://github.com/notofonts/lydian),1
Noto Sans Mahajani,OFL-1.1,ofl/notosansmahajani,Google,Copyright 2022 The Noto Project Authors (https://github.com/notofonts/mahajani),1
Noto Sans Malayalam,OFL-1.1,ofl/notosansmalayalam,Google,Copyright 2022 The Noto Project Authors (https://github.com/notofonts/malayalam),1
Noto Sans Malayalam UI,OFL-1.1,ofl/notosansmalayalamui,Google,Copyright 2018 Google Inc. All Rights Reserved.,1
Noto Sans Mandaic,OFL-1.1,ofl/notosansmandaic,Google,Copyright 2022 The Noto Project Authors (https://github.com/notofonts/mandaic),1
Noto Sans Manichaean,OFL-1.1,ofl/notosansmanichaean,Google,Copyright 2022 The Noto Project Authors (https://github.com/notofonts/manichaean),1
Noto Sans Marchen,OFL-1.1,ofl/notosansmarchen,Google,Copyright 2022 The Noto Project Authors (https://github.com/notofonts/marchen),1
Noto Sans Masaram Gondi,OFL-1.1,ofl/notosansmasaramgondi,Google,Copyright 2022 The Noto Project Authors (https://github.com/notofonts/masaram-gondi),1
Noto Sans Math,OFL-1.1,ofl/notosansmath,Google,Copyright 2022 Google LLC. All Rights Reserved.,1
Noto Sans Mayan Numerals,OFL-1.1,ofl/notosansmayannumerals,Google,Copyright 2022 The Noto Project Authors (https://github.com/notofonts/mayan-numerals),1
Noto Sans Medefaidrin,OFL-1.1,ofl/notosansmedefaidrin,Google,Copyright 2022 The Noto Project Authors (https://github.com/notofonts/medefaidrin),1
Noto Sans Meetei Mayek,OFL-1.1,ofl/notosansmeeteimayek,Google,Copyright 2022 The Noto Project Authors (https://github.com/notofonts/meetei-mayek),1
Noto Sans Mende Kikakui,OFL-1.1,ofl/notosansmendekikakui,Google,Copyright 2022 The Noto Project Authors (https://github.com/notofonts/mende-kikakui),1
Noto Sans Meroitic,OFL-1.1,ofl/notosansmeroitic,Google,Copyright 2022 The Noto Project Authors (https://github.com/notofonts/meroitic),1
Noto Sans Miao,OFL-1.1,ofl/notosansmiao,Google,Copyright 2022 The Noto Project Authors (https://github.com/notofonts/miao),1
Noto Sans Modi,OFL-1.1,ofl/notosansmodi,Google,Copyright 2022 The Noto Project Authors (https://github.com/notofonts/modi),1
Noto Sans Mongolian,OFL-1.1,ofl/notosansmongolian,Google,Copyright 2023 The Noto Project Authors (https://github.com/notofonts/mongolian),1
Noto Sans Mono,OFL-1.1,ofl/notosansmono,Google,Copyright 2022 The Noto Project Authors (https://github.com/notofonts/latin-greek-cyrillic),1
Noto Sans Mro,OFL-1.1,ofl/notosansmro,Google,Copyright 2022 The Noto Project Authors (https://github.com/notofonts/mro),1
Noto Sans Multani,OFL-1.1,ofl/notosansmultani,Google,Copyright 2022 The Noto Project Authors (https://github.com/notofonts/multani),1
Noto Sans Myanmar,OFL-1.1,ofl/notosansmyanmar,Google,Copyright 2022 The Noto Project Authors (https://github.com/notofonts/myanmar),1
Noto Sans Myanmar UI,OFL-1.1,ofl/notosansmyanmarui,Google,Copyright 2015 Google Inc. All Rights Reserved.,9
Noto Sans Nabataean,OFL-1.1,ofl/notosansnabataean,Google,Copyright 2022 The Noto Project Authors (https://github.com/notofonts/nabataean),1
Noto Sans Nag Mundari,OFL-1.1,ofl/notosansnagmundari,Google,Copyright 2023 The Noto Project Authors (https://github.com/notofonts/nag-mundari),1
Noto Sans Nandinagari,OFL-1.1,ofl/notosansnandinagari,Google,Copyright 2022 The Noto Project Authors (https://github.com/notofonts/nandinagari),1
Noto Sans Newa,OFL-1.1,ofl/notosansnewa,Google,Copyright 2022 The Noto Project Authors (https://github.com/notofonts/newa),1
Noto Sans New Tai Lue,OFL-1.1,ofl/notosansnewtailue,Google,Copyright 2022 The Noto Project Authors (https://github.com/notofonts/new-tai-lue),1
Noto Sans NKo,OFL-1.1,ofl/notosansnko,Google,Copyright 2022 The Noto Project Authors (https://github.com/notofonts/nko),1
Noto Sans N Ko,OFL-1.1,ofl/notosansnko_todelist,Google,Copyright 2017 Google Inc. All Rights Reserved.,1
Noto Sans NKo Unjoined,OFL-1.1,ofl/notosansnkounjoined,Google,Copyright 2023 The Noto Project Authors (https://github.com/notofonts/nko),1
Noto Sans Nushu,OFL-1.1,ofl/notosansnushu,Google,Copyright 2022 The Noto Project Authors (https://github.com/notofonts/nushu),1
Noto Sans Ogham,OFL-1.1,ofl/notosansogham,Google,Copyright 2022 The Noto Project Authors (https://github.com/notofonts/ogham),1
Noto Sans Ol Chiki,OFL-1.1,ofl/notosansolchiki,Google,Copyright 2022 The Noto Project Authors (https://github.com/notofonts/ol-chiki),1
Noto Sans Old Hungarian,OFL-1.1,ofl/notosansoldhungarian,Google,Copyright 2022 The Noto Project Authors (https://github.com/notofonts/old-hungarian),1
Noto Sans Old Italic,OFL-1.1,ofl/notosansolditalic,Google,Copyright 2022 The Noto Project Authors (https://github.com/notofonts/old-italic),1
Noto Sans Old North Arabian,OFL-1.1,ofl/notosansoldnortharabian,Google,Copyright 2022 The Noto Project Authors (https://github.com/notofonts/old-north-arabian),1
Noto Sans Old Permic,OFL-1.1,ofl/notosansoldpermic,Google,Copyright 2022 The Noto Project Authors (https://github.com/notofonts/old-permic),1
Noto Sans Old Persian,OFL-1.1,ofl/notosansoldpersian,Google,Copyright 2022 The Noto Project Authors (https://github.com/notofonts/old-persian),1
Noto Sans Old Sogdian,OFL-1.1,ofl/notosansoldsogdian,Google,Copyright 2022 The Noto Project Authors (https://github.com/notofonts/old-sogdian),1
Noto Sans Old South Arabian,OFL-1.1,ofl/notosansoldsoutharabian,Google,Copyright 2022 The Noto Project Authors (https://github.com/notofonts/old-south-arabian),1
Noto Sans Old Turkic,OFL-1.1,ofl/notosansoldturkic,Google,Copyright 2022 The Noto Project Authors (https://github.com/notofonts/old-turkic),1
Noto Sans Oriya,OFL-1.1,ofl/notosansoriya,Google,Copyright 2022 The Noto Project Authors (https://github.com/notofonts/oriya),1
Noto Sans Oriya UI,OFL-1.1,ofl/notosansoriyaui,Google,Copyright 2019 Google LLC. All Rights Reserved.,4
Noto Sans Osage,OFL-1.1,ofl/notosansosage,Google,Copyright 2022 The Noto Project Authors (https://github.com/notofonts/osage),1
Noto Sans Osmanya,OFL-1.1,ofl/notosansosmanya,Google,Copyright 2022 The Noto Project Authors (https://github.com/notofonts/osmanya),1
Noto Sans Pahawh Hmong,OFL-1.1,ofl/notosanspahawhhmong,Google,Copyright 2022 The Noto Project Authors (https://github.com/notofonts/pahawh-hmong),1
Noto Sans Palmyrene,OFL-1.1,ofl/notosanspalmyrene,Google,Copyright 2022 The Noto Project Authors (https://github.com/notofonts/palmyrene),1
Noto Sans Pau Cin Hau,OFL-1.1,ofl/notosanspaucinhau,Google,Copyright 2022 The Noto Project Authors (https://github.com/notofonts/pau-cin-hau),1
Noto Sans PhagsPa,OFL-1.1,ofl/notosansphagspa,Google,Copyright 2022 The Noto Project Authors (https://github.com/notofonts/phags-pa),1
Noto Sans Phoenician,OFL-1.1,ofl/notosansphoenician,Google,Copyright 2022 The Noto Project Authors (https://github.com/notofonts/phoenician),1
Noto Sans Psalter Pahlavi,OFL-1.1,ofl/notosanspsalterpahlavi,Google,Copyright 2022 The Noto Project Authors (https://github.com/notofonts/psalter-pahlavi),1
Noto Sans Rejang,OFL-1.1,ofl/notosansrejang,Google,Copyright 2022 The Noto Project Authors (https://github.com/notofonts/rejang),1
Noto Sans Runic,OFL-1.1,ofl/notosansrunic,Google,Copyright 2022 The Noto Project Authors (https://github.com/notofonts/runic),1
Noto Sans Samaritan,OFL-1.1,ofl/notosanssamaritan,Google,Copyright 2022 The Noto Project Authors (https://github.com/notofonts/samaritan),1
Noto Sans Saurashtra,OFL-1.1,ofl/notosanssaurashtra,Google,Copyright 2022 The Noto Project Authors (https://github.com/notofonts/saurashtra),1
Noto Sans SC,OFL-1.1,ofl/notosanssc,Google,"(c) 2014-2021 Adobe (http://www.adobe.com/), with Reserved Font Name 'Source'.",1
Noto Sans Sharada,OFL-1.1,ofl/notosanssharada,Google,Copyright 2022 The Noto Project Authors (https://github.com/notofonts/sharada),1
Noto Sans Shavian,OFL-1.1,ofl/notosansshavian,Google,Copyright 2022 The Noto Project Authors (https://github.com/notofonts/shavian),1
Noto Sans Siddham,OFL-1.1,ofl/notosanssiddham,Google,Copyright 2022 The Noto Project Authors (https://github.com/notofonts/siddham),1
Noto Sans SignWriting,OFL-1.1,ofl/notosanssignwriting,Google,Copyright 2022 The Noto Project Authors (https://github.com/notofonts/sign-writing),1
Noto Sans Sinhala,OFL-1.1,ofl/notosanssinhala,Google,Copyright 2022 The Noto Project Authors (https://github.com/notofonts/sinhala),1
Noto Sans Sinhala UI,OFL-1.1,ofl/notosanssinhalaui,Google,Copyright 2016 Google Inc. All Rights Reserved.,1
Noto Sans Sogdian,OFL-1.1,ofl/notosanssogdian,Google,Copyright 2022 The Noto Project Authors (https://github.com/notofonts/sogdian),1
Noto Sans Sora Sompeng,OFL-1.1,ofl/notosanssorasompeng,Google,Copyright 2022 The Noto Project Authors (https://github.com/notofonts/sora-sompeng),1
Noto Sans Soyombo,OFL-1.1,ofl/notosanssoyombo,Google,Copyright 2022 The Noto Project Authors (https://github.com/notofonts/soyombo),1
Noto Sans Sundanese,OFL-1.1,ofl/notosanssundanese,Google,Copyright 2022 The Noto Project Authors (https://github.com/notofonts/sundanese),1
Noto Sans Sunuwar,OFL-1.1,ofl/notosanssunuwar,Google,Copyright 2021 The Noto Sunuwar Project Authors (https://github.com/ScriptEncodingInitiative/sunuwar),1
Noto Sans Syloti Nagri,OFL-1.1,ofl/notosanssylotinagri,Google,Copyright 2022 The Noto Project Authors (https://github.com/notofonts/syloti-nagri),1
Noto Sans Symbols,OFL-1.1,ofl/notosanssymbols,Google,Copyright 2022 The Noto Project Authors (https://github.com/notofonts/symbols),1
Noto Sans Symbols 2,OFL-1.1,ofl/notosanssymbols2,Google,Copyright 2022 The Noto Project Authors (https://github.com/notofonts/symbols),1
Noto Sans Syriac,OFL-1.1,ofl/notosanssyriac,Google,Copyright 2022 The Noto Project Authors (https://github.com/notofonts/syriac),1
Noto Sans Syriac Eastern,OFL-1.1,ofl/notosanssyriaceastern,Google,Copyright 2022 The Noto Project Authors (https://github.com/notofonts/syriac),1
Noto Sans Syriac Western,OFL-1.1,ofl/notosanssyriacwestern,Google,Copyright 2022 The Noto Project Authors (https://github.com/notofonts/syriac),1
Noto Sans Tagalog,OFL-1.1,ofl/notosanstagalog,Google,Copyright 2022 The Noto Project Authors (https://github.com/notofonts/tagalog),1
Noto Sans Tagbanwa,OFL-1.1,ofl/notosanstagbanwa,Google,Copyright 2022 The Noto Project Authors (https://github.com/notofonts/tagbanwa),1
Noto Sans Tai Le,OFL-1.1,ofl/notosanstaile,Google,Copyright 2022 The Noto Project Authors (https://github.com/notofonts/tai-le),1
Noto Sans Tai Tham,OFL-1.1,ofl/notosanstaitham,Google,Copyright 2022 The Noto Project Authors (https://github.com/notofonts/tai-tham),1
Noto Sans Tai Viet,OFL-1.1,ofl/notosanstaiviet,Google,Copyright 2022 The Noto Project Authors (https://github.com/notofonts/tai-viet),1
Noto Sans Takri,OFL-1.1,ofl/notosanstakri,Google,Copyright 2022 The Noto Project Authors (https://github.com/notofonts/takri),1
Noto Sans Tamil,OFL-1.1,ofl/notosanstamil,Google,Copyright 2022 The Noto Project Authors (https://github.com/notofonts/tamil),1
Noto Sans Tamil Supplement,OFL-1.1,ofl/notosanstamilsupplement,Google,Copyright 2022 The Noto Project Authors (https://github.com/notofonts/tamil),1
Noto Sans Tamil UI,OFL-1.1,ofl/notosanstamilui,Google,Copyright 2017 Google Inc. All Rights Reserved.,1
Noto Sans Tangsa,OFL-1.1,ofl/notosanstangsa,Google,Copyright 2022 The Noto Project Authors (https://github.com/notofonts/tangsa),1
Noto Sans TC,OFL-1.1,ofl/notosanstc,Google,"(c) 2014-2021 Adobe (http://www.adobe.com/), with Reserved Font Name 'Source'.",1
Noto Sans Telugu,OFL-1.1,ofl/notosanstelugu,Google,Copyright 2022 The Noto Project Authors (https://github.com/notofonts/telugu),1
Noto Sans Telugu UI,OFL-1.1,ofl/notosansteluguui,Google,Copyright 2019 Google LLC. All Rights Reserved.,1
Noto Sans Thaana,OFL-1.1,ofl/notosansthaana,Google,Copyright 2022 The Noto Project Authors (https://github.com/notofonts/thaana),1
Noto Sans Thai,OFL-1.1,ofl/notosansthai,Google,Copyright 2022 The Noto Project Authors (https://github.com/notofonts/thai),1
Noto Sans Thai Looped,OFL-1.1,ofl/notosansthailooped,Google,Copyright 2022 The Noto Project Authors (https://github.com/notofonts/thai),1
Noto Sans Thai UI,OFL-1.1,ofl/notosansthaiui,Google,Copyright 2016 Google Inc. All Rights Reserved.,1
Noto Sans Tifinagh,OFL-1.1,ofl/notosanstifinagh,Google,Copyright 2022 The Noto Project Authors (https://github.com/notofonts/tifinagh),1
Noto Sans Tirhuta,OFL-1.1,ofl/notosanstirhuta,Google,Copyright 2022 The Noto Project Authors (https://github.com/notofonts/tirhuta),1
Noto Sans Ugaritic,OFL-1.1,ofl/notosansugaritic,Google,Copyright 2022 The Noto Project Authors (https://github.com/notofonts/ugaritic),1
Noto Sans Vai,OFL-1.1,ofl/notosansvai,Google,Copyright 2022 The Noto Project Authors (https://github.com/notofonts/vai),1
Noto Sans Vithkuqi,OFL-1.1,ofl/notosansvithkuqi,Google,Copyright 2022 The Noto Project Authors (https://github.com/notofonts/vithkuqi),1
Noto Sans Wancho,OFL-1.1,ofl/notosanswancho,Google,Copyright 2022 The Noto Project Authors (https://github.com/notofonts/wancho),1
Noto Sans Warang Citi,OFL-1.1,ofl/notosanswarangciti,Google,Copyright 2022 The Noto Project Authors (https://github.com/notofonts/warang-citi),1
Noto Sans Yi,OFL-1.1,ofl/notosansyi,Google,Copyright 2022 The Noto Project Authors (https://github.com/notofonts/yi),1
Noto Sans Zanabazar Square,OFL-1.1,ofl/notosanszanabazarsquare,Google,Copyright 2022 The Noto Project Authors (https://github.com/notofonts/zanabazar-square),1
Noto Serif,OFL-1.1,ofl/notoserif,Google,Copyright 2022 The Noto Project Authors (https://github.com/notofonts/latin-greek-cyrillic),2
Noto Serif Ahom,OFL-1.1,ofl/notoserifahom,Google,Copyright 2022 The Noto Project Authors (https://github.com/notofonts/ahom),1
Noto Serif Armenian,OFL-1.1,ofl/notoserifarmenian,Google,Copyright 2022 The Noto Project Authors (https://github.com/notofonts/armenian),1
Noto Serif Balinese,OFL-1.1,ofl/notoserifbalinese,Google,Copyright 2022 The Noto Project Authors (https://github.com/notofonts/balinese),1
Noto Serif Bengali,OFL-1.1,ofl/notoserifbengali,Google,Copyright 2025 The Noto Project Authors (https://github.com/notofonts/bengali),1
Noto Serif Devanagari,OFL-1.1,ofl/notoserifdevanagari,Google,Copyright 2022 The Noto Project Authors (https://github.com/notofonts/devanagari),1
Noto Serif Display,OFL-1.1,ofl/notoserifdisplay,Google,Copyright 2016 Google Inc. All Rights Reserved.,2
Noto Serif Dives Akuru,OFL-1.1,ofl/notoserifdivesakuru,Google,Copyright 2024 The Noto Project Authors (https://github.com/notofonts/dives-akuru),1
Noto Serif Dogra,OFL-1.1,ofl/notoserifdogra,Google,Copyright 2022 The Noto Project Authors (https://github.com/notofonts/dogra),1
Noto Serif Ethiopic,OFL-1.1,ofl/notoserifethiopic,Google,Copyright 2022 The Noto Project Authors (https://github.com/notofonts/ethiopic),1
Noto Serif Georgian,OFL-1.1,ofl/notoserifgeorgian,Google,Copyright 2022 The Noto Project Authors (https://github.com/notofonts/georgian),1
Noto Serif Grantha,OFL-1.1,ofl/notoserifgrantha,Google,Copyright 2022 The Noto Project Authors (https://github.com/notofonts/grantha),1
Noto Serif Gujarati,OFL-1.1,ofl/notoserifgujarati,Google,Copyright 2022 The Noto Project Authors (https://github.com/notofonts/gujarati),1
Noto Serif Gurmukhi,OFL-1.1,ofl/notoserifgurmukhi,Google,Copyright 2022 The Noto Project Authors (https://github.com/notofonts/gurmukhi),1
Noto Serif Hebrew,OFL-1.1,ofl/notoserifhebrew,Google,Copyright 2022 The Noto Project Authors (https://github.com/notofonts/hebrew),1
Noto Serif Hentaigana,OFL-1.1,ofl/notoserifhentaigana,Google,Copyright 2023 The Noto Project Authors (https://github.com/notofonts/hentaigana),1
Noto Serif HK,OFL-1.1,ofl/notoserifhk,Google,(c) 2017-2024 Adobe (http://www.adobe.com/).,1
Noto Serif JP,OFL-1.1,ofl/notoserifjp,Google,(c) 2017-2024 Adobe (http://www.adobe.com/).,1
Noto Serif Kannada,OFL-1.1,ofl/notoserifkannada,Google,Copyright 2022 The Noto Project Authors (https://github.com/notofonts/kannada),1
Noto Serif Khitan Small Script,OFL-1.1,ofl/notoserifkhitansmallscript,Google,Copyright 2022 Google LLC. All Rights Reserved.,1
Noto Serif Khmer,OFL-1.1,ofl/notoserifkhmer,Google,Copyright 2022 The Noto Project Authors (https://github.com/notofonts/khmer),1
Noto Serif Khojki,OFL-1.1,ofl/notoserifkhojki,Google,Copyright 2022 The Noto Project Authors (https://github.com/notofonts/khojki),1
Noto Serif KR,OFL-1.1,ofl/notoserifkr,Google,(c) 2017-2024 Adobe (http://www.adobe.com/).,1
Noto Serif Lao,OFL-1.1,ofl/notoseriflao,Google,Copyright 2022 The Noto Project Authors (https://github.com/notofonts/lao),1
Noto Serif Makasar,OFL-1.1,ofl/notoserifmakasar,Google,Copyright 2022 The Noto Project Authors (https://github.com/notofonts/makasar),1
Noto Serif Malayalam,OFL-1.1,ofl/notoserifmalayalam,Google,Copyright 2022 The Noto Project Authors (https://github.com/notofonts/malayalam),1
Noto Serif Myanmar,OFL-1.1,ofl/notoserifmyanmar,Google,Copyright 2016 Google Inc. All Rights Reserved.,9
Noto Serif NP Hmong,OFL-1.1,ofl/notoserifnphmong,Google,Copyright 2022 The Noto Project Authors (https://github.com/notofonts/nyiakeng-puachue-hmong),1
Noto Serif Nyiakeng Puachue Hmong,OFL-1.1,ofl/notoserifnyiakengpuachuehmong,Google,Copyright 2020 Google Inc. All Rights Reserved.,1
Noto Serif Old Uyghur,OFL-1.1,ofl/notoserifolduyghur,Google,Copyright 2022 The Noto Project Authors (https://github.com/notofonts/old-uyghur),1
Noto Serif Oriya,OFL-1.1,ofl/notoseriforiya,Google,Copyright 2022 The Noto Project Authors (https://github.com/notofonts/oriya),1
Noto Serif Ottoman Siyaq,OFL-1.1,ofl/notoserifottomansiyaq,Google,Copyright 2022 Google LLC. All Rights Reserved.,1
Noto Serif SC,OFL-1.1,ofl/notoserifsc,Google,(c) 2017-2024 Adobe (http://www.adobe.com/).,1
Noto Serif Sinhala,OFL-1.1,ofl/notoserifsinhala,Google,Copyright 2022 The Noto Project Authors (https://github.com/notofonts/sinhala),1
Noto Serif Tamil,OFL-1.1,ofl/notoseriftamil,Google,Copyright 2022 The Noto Project Authors (https://github.com/notofonts/tamil),2
Noto Serif Tangut,OFL-1.1,ofl/notoseriftangut,Google,Copyright 2022 The Noto Project Authors (https://github.com/notofonts/tangut),1
Noto Serif TC,OFL-1.1,ofl/notoseriftc,Google,(c) 2017-2024 Adobe (http://www.adobe.com/).,1
Noto Serif Telugu,OFL-1.1,ofl/notoseriftelugu,Google,Copyright 2022 The Noto Project Authors (https://github.com/notofonts/telugu),1
Noto Serif Thai,OFL-1.1,ofl/notoserifthai,Google,Copyright 2022 The Noto Project Authors (https://github.com/notofonts/thai),1
Noto Serif Tibetan,OFL-1.1,ofl/notoseriftibetan,Google,Copyright 2022 The Noto Project Authors (https://github.com/notofonts/tibetan),1
Noto Serif Todhri,OFL-1.1,ofl/notoseriftodhri,Google,Copyright 2024 The Noto Project Authors (https://github.com/notofonts/todhri),1
Noto Serif Toto,OFL-1.1,ofl/notoseriftoto,Google,Copyright 2022 The Noto Project Authors (https://github.com/notofonts/toto),1
Noto Serif Vithkuqi,OFL-1.1,ofl/notoserifvithkuqi,Google,Copyright 2022 The Noto Project Authors (https://github.com/notofonts/vithkuqi),1
Noto Serif Yezidi,OFL-1.1,ofl/notoserifyezidi,Google,Copyright 2022 The Noto Project Authors (https://github.com/notofonts/yezidi),1
Noto Traditional Nushu,OFL-1.1,ofl/nototraditionalnushu,Google,Copyright 2022 The Noto Project Authors (https://github.com/notofonts/nushu),1
Noto Znamenny Musical Notation,OFL-1.1,ofl/notoznamennymusicalnotation,Google,Copyright 2022 The Noto Project Authors (https://github.com/notofonts/znamenny),1
Nova Cut,OFL-1.1,ofl/novacut,Wojciech Kalinowski,"Copyright (c) 2011, wmk69 (wmk69@o2.pl) with Reserved Font Names \'NovaCut\' and \'Nova Cut\'. This Font Software is licensed under the SIL Open Font License, Version 1.1. This license is available with a FAQ at: http://scripts.sil.org/OFL",1
Nova Flat,OFL-1.1,ofl/novaflat,Wojciech Kalinowski,"Copyright (c) 2011, wmk69 (wmk69@o2.pl) with Reserved Font Names \'NovaFlat\' and \'Nova Flat\'. This Font Software is licensed under the SIL Open Font License, Version 1.1. This license is available with a FAQ at: http://scripts.sil.org/OFL",1
Nova Mono,OFL-1.1,ofl/novamono,Wojciech Kalinowski,"Copyright (c) 2011, Wojciech \'wmk69\' Kalinowski (wmk69@o2.pl)",1
Nova Oval,OFL-1.1,ofl/novaoval,Wojciech Kalinowski,"Copyright (c) 2011, wmk69 (wmk69@o2.pl) with Reserved Font Names \'NovaOval\' and \'Nova Oval\'. This Font Software is licensed under the SIL Open Font License, Version 1.1. This license is available with a FAQ at: http://scripts.sil.org/OFL",1
Nova Round,OFL-1.1,ofl/novaround,Wojciech Kalinowski,"Copyright (c) 2011, wmk69 (wmk69@o2.pl) with Reserved Font Names \'NovaRound\' and \'Nova Round\'. This Font Software is licensed under the SIL Open Font License, Version 1.1. This license is available with a FAQ at: http://scripts.sil.org/OFL",1
Nova Script,OFL-1.1,ofl/novascript,Wojciech Kalinowski,"Copyright (c) 2011, wmk69 (wmk69@o2.pl) with Reserved Font Names \'NovaScript\' and \'Nova Script\'",1
Nova Slim,OFL-1.1,ofl/novaslim,Wojciech Kalinowski,"Copyright (c) 2011, wmk69 (wmk69@o2.pl) with Reserved Font Names \'NovaSlim\' and \'Nova Slim\'. This Font Software is licensed under the SIL Open Font License, Version 1.1. This license is available with a FAQ at: http://scripts.sil.org/OFL",1
Nova Square,OFL-1.1,ofl/novasquare,Wojciech Kalinowski,"Copyright (c) 2011, wmk69 (wmk69@o2.pl) with Reserved Font Names \'NovaSquare\' and \'Nova Square\'. This Font Software is licensed under the SIL Open Font License, Version 1.1. This license is available with a FAQ at: http://scripts.sil.org/OFL",1
NTR,OFL-1.1,ofl/ntr,Purushoth Kumar Guttula,"Copyright (c) 2012 Silicon Andhra (fonts.siliconandhra.org). Copyright (c) 2011, Joe Prince, Admix Designs (http://www.admixdesigns.com/) with Reserved Font Name Varela Round.",1
Numans,OFL-1.1,ofl/numans,Jovanny Lemonad,Copyright (c) 2011 by Jovanny Lemonad (lemonad@jovanny.ru). All rights reserved.,1
Nunito,OFL-1.1,ofl/nunito,"Vernon Adams, Cyreal, Jacques Le Bailly",Copyright 2014 The Nunito Project Authors (https://github.com/googlefonts/nunito),2
Nunito Sans,OFL-1.1,ofl/nunitosans,"Vernon Adams, Jacques Le Bailly, Manvel Shmavonyan, Alexei Vanyashin",Copyright 2016 The Nunito Sans Project Authors (https://github.com/Fonthausen/NunitoSans),2
Nuosu SIL,OFL-1.1,ofl/nuosusil,SIL International,Copyright (c) 1999-2022 SIL International,1
Odibee Sans,OFL-1.1,ofl/odibeesans,James Barnard,Copyright 2017 The Odibee Sans Project Authors (https://github.com/barnard555/odibeesans),1
Odor Mean Chey,OFL-1.1,ofl/odormeanchey,Danh Hong,Copyright 2019 The Odor Mean Chey Project Authors (https://github.com/danhhong/OdorMeanChey),1
Offside,OFL-1.1,ofl/offside,Eduardo Tunni,Copyright 2012 The Offside Project Authors (https://github.com/etunni/offside) with Reserved Font Name \'Offside\',1
OFL Sorts Mill Goudy TT,OFL-1.1,ofl/oflsortsmillgoudytt,Barry Schwartz,Copyright (c) 2009 Barry Schwartz (http://crudfactory.com chemoelectric@chemoelectric.org),2
Oi,OFL-1.1,ofl/oi,Kostas Bartsokas,Copyright 2019 The Oi Project Authors (github.com/kosbarts/Oi),1
Ojuju,OFL-1.1,ofl/ojuju,"Ụdị Foundry, Chisaokwu Joboson, Mirko Velimirović",Copyright 2024 The Ojuju Project Authors (https://github.com/jobosonchisa/ojuju),1
Oldenburg,OFL-1.1,ofl/oldenburg,Nicole Fally,Copyright (c) 2010 by Sorkin Type Co (eben@eyebytes.com) with Reserved Font Name Oldenburgh.,1
Old Standard TT,OFL-1.1,ofl/oldstandardtt,Alexey Kryukov,Copyright 2011 The Old Standard Project Authors (amkryukov@gmail.com),3
Ole,OFL-1.1,ofl/ole,Robert Leuschke,Copyright 2008 The Ole Project Authors (https://github.com/googlefonts/ole),1
Oleo Script,OFL-1.1,ofl/oleoscript,soytutype fonts,"Copyright (c) 2012, Soytutype (contact@soytutype.com.ar|soytutype@gmail.com), with reserved fontname \'Oleo\'",2
Oleo Script Swash Caps,OFL-1.1,ofl/oleoscriptswashcaps,soytutype fonts,"Copyright (c) 2012, Soytutype (contact@soytutype.com.ar|soytutype@gmail.com), with reserved fontname \'Oleo\'",2
Onest,OFL-1.1,ofl/onest,"Dmitri Voloshin, Andrey Kudryavtsev",Copyright 2021 The Onest Project Authors (https://github.com/simpals/onest),1
Oooh Baby,OFL-1.1,ofl/ooohbaby,Robert Leuschke,Copyright 2004-2021 The Oooh Baby Project Authors (https://github.com/googlefonts/oooh-baby),1
Open Sans,OFL-1.1,ofl/opensans,Steve Matteson,Copyright 2020 The Open Sans Project Authors (https://github.com/googlefonts/opensans),2
Oranienbaum,OFL-1.1,ofl/oranienbaum,"Oleg Pospelov, Jovanny Lemonad","Copyright (c) 2012, Oleg Pospelov (oleg@pospelov.com), Jovanny Lemonad (lemonad@jovanny.ru), with Reserved Font Name \'Oranienbaum\'",1
Orbit,OFL-1.1,ofl/orbit,"Sooun Cho, JAMO",Copyright 2022 The Orbit Project Authors (https://github.com/JAMO-TYPEFACE/Orbit),1
Orbitron,OFL-1.1,ofl/orbitron,Matt McInerney,Copyright 2018 The Orbitron Project Authors (https://github.com/theleagueof/orbitron),1
Oregano,OFL-1.1,ofl/oregano,Astigmatic,"Copyright (c) 2012 by Brian J. Bonislawsky DBA Astigmatic (AOETI) (astigma@astigmatic.com), with Reserved Font Name \""Oregano\""",2
Orelega One,OFL-1.1,ofl/orelegaone,Haruki Wakamatsu,Copyright 2021 The Orelega One Project Authors (https://github.com/JapanYoshi/Orelega),1
Orienta,OFL-1.1,ofl/orienta,Eduardo Tunni,Copyright 2012 The Orienta Project Authors (https://github.com/etunni/orienta) with Reserved Font Name \'Orienta\',1
Original Surfer,OFL-1.1,ofl/originalsurfer,Astigmatic,"Copyright (c) 2011 by Brian J. Bonislawsky DBA Astigmatic (AOETI) (astigma@astigmatic.com), with Reserved Font Name \""Original Surfer\""",1
Oswald,OFL-1.1,ofl/oswald,"Vernon Adams, Kalapi Gajjar, Cyreal",Copyright 2016 The Oswald Project Authors (https://github.com/googlefonts/OswaldFont),1
Otomanopee One,OFL-1.1,ofl/otomanopeeone,Gutenberg Labo,"Copyright 2020 The Otomanopee Project Authors (https://github.com/Gutenberg-Labo), all rights reserved.",1
Outfit,OFL-1.1,ofl/outfit,"Smartsheet Inc, Rodrigo Fuenzalida",Copyright 2021 The Outfit Project Authors (https://github.com/Outfitio/Outfit-Fonts),1
Overlock,OFL-1.1,ofl/overlock,Dario Manuel Muhafara,"Copyright (c) 2011, Dario Manuel Muhafara (http://www.tipo.net.ar), with Reserved Font Name \""Overlock\"".",6
Overlock SC,OFL-1.1,ofl/overlocksc,Dario Manuel Muhafara,"Copyright (c) 2011, Dario Manuel Muhafara (http://www.tipo.net.ar dario@tipo.net.ar), with Reserved Font Name \""Overlock\"".",1
Overpass,OFL-1.1,ofl/overpass,"Delve Withrington, Dave Bailey, Thomas Jockin",Copyright 2021 The Overpass Project Authors (https://github.com/RedHatOfficial/Overpass),2
Overpass Mono,OFL-1.1,ofl/overpassmono,"Delve Withrington, Dave Bailey, Thomas Jockin",Copyright 2021 The Overpass Project Authors (https://github.com/RedHatOfficial/Overpass),1
Over the Rainbow,OFL-1.1,ofl/overtherainbow,Kimberly Geswein,"Copyright (c) 2010, Kimberly Geswein (kimberlygeswein.com kimberlygeswein@gmail.com)",1
Ovo,OFL-1.1,ofl/ovo,Nicole Fally,"Copyright (c) 2011, Sorkin Type Co (www.sorkintype.com eben@eyebytes.com) with Reserved Font Name \""Ovo\"".",1
Oxanium,OFL-1.1,ofl/oxanium,Severin Meyer,Copyright 2019 The Oxanium Project Authors (https://github.com/sevmeyer/oxanium),1
Oxygen,OFL-1.1,ofl/oxygen,Vernon Adams,"Copyright (c) 2012, Vernon Adams (vern@newtypography.co.uk), with Reserved Font Names \'Oxygen\'",3
Oxygen Mono,OFL-1.1,ofl/oxygenmono,Vernon Adams,"Copyright (c) 2012, vernon adams (vern@newtypography.co.uk), with Reserved Font Names \'Oxygen\'",1
Pacifico,OFL-1.1,ofl/pacifico,"Vernon Adams, Jacques Le Bailly, Botjo Nikoltchev, Ani Petrova",Copyright 2018 The Pacifico Project Authors (https://github.com/googlefonts/Pacifico),1
Padauk,OFL-1.1,ofl/padauk,SIL International,Copyright (c) 2002-2022 SIL International,2
Padyakke Expanded One,OFL-1.1,ofl/padyakkeexpandedone,James Puckett,Copyright 2015 The Padyakke Project Authors (https://github.com/DunwichType/Padyakke_Libre),1
Palanquin,OFL-1.1,ofl/palanquin,Pria Ravichandran,Copyright 2014 Pria Ravichandran (pria.ravichandran@gmail.com),7
Palanquin Dark,OFL-1.1,ofl/palanquindark,Pria Ravichandran,Copyright 2014 Pria Ravichandran (pria.ravichandran@gmail.com),4
Palette Mosaic,OFL-1.1,ofl/palettemosaic,Shibuya Font,"Copyright 2020 The Palette Mosaic Project Authors (https://github.com/shibuyafont/Palette-mosaic-font-mono), all rights reserved.",1
Pangolin,OFL-1.1,ofl/pangolin,Kevin Burke,Copyright 2016 The Pangolin Project Authors (https://github.com/googlefonts/pangolin),1
Paprika,OFL-1.1,ofl/paprika,Eduardo Tunni,Copyright 2012 The Paprika Project Authors (https://github.com/etunni/paprika),1
Parastoo,OFL-1.1,ofl/parastoo,Saber Rastikerdar,Copyright 2016 The Parastoo Project Authors (https://github.com/googlefonts/parastoo-font),1
Parisienne,OFL-1.1,ofl/parisienne,Astigmatic,"Copyright (c) 2012 by Brian J. Bonislawsky DBA Astigmatic (AOETI) (astigma@astigmatic.com), with Reserved Font Name \""Parisienne\""",1
Parkinsans,OFL-1.1,ofl/parkinsans,Red Stone,Copyright 2024 The Parkinsans Project Authors (https://github.com/redstonedesign/parkinsans),1
Passero One,OFL-1.1,ofl/passeroone,Viktoriya Grabowska,"Copyright (c) 2011, Sorkin Type Co (www.sorkintype.com eben@eyebytes.com) with Reserved Font Names \""Passero\""",1
Passion One,OFL-1.1,ofl/passionone,Fontstage,"Copyright (c) 2011 Fontstage (info@fontstage.com), with Reserved Font Name \""Passion\""",3
Passions Conflict,OFL-1.1,ofl/passionsconflict,Robert Leuschke,Copyright 2004 The Hurricane Project Authors (https://github.com/googlefonts/passions-conflict),1
Pathway Extreme,OFL-1.1,ofl/pathwayextreme,Eduardo Tunni,Copyright 2019 The Pathway Extreme Project Authors (https://github.com/etunni/Pathway-Variable-Font),2
Pathway Gothic One,OFL-1.1,ofl/pathwaygothicone,Eduardo Tunni,"Copyright 2013 The Pathway Gothic Project Authors (https://github.com/etunni/pathway-gothic), with Reserved Font Name \'Pathway\'",1
Patrick Hand,OFL-1.1,ofl/patrickhand,Patrick Wagesreiter,Copyright (c) 2010-2012 Patrick Wagesreiter (mail@patrickwagesreiter.at),1
Patrick Hand SC,OFL-1.1,ofl/patrickhandsc,Patrick Wagesreiter,Copyright 2012 The Patrick Hand Authors (mail@patrickwagesreiter.at),1
Pattaya,OFL-1.1,ofl/pattaya,Cadson Demak,"Copyright (c) 2015, Cadson Demak (info@cadsondemak.com), Copyright (c) 2010, Pablo Impallari (www.impallari.com|impallari@gmail.com), Copyright (c) 2010, 2011, Alexei Vanyashin (www.cyreal.org|a@cyreal.org), with Reserved Font Name Lobster.",1
Patua One,OFL-1.1,ofl/patuaone,LatinoType,"Copyright (c) 2011 by LatinoType Limitada (info@latinotype.com), with Reserved Font Names \""Patua\"" and \""Patua One\""",1
Pavanam,OFL-1.1,ofl/pavanam,Tharique Azeez,"Copyright (c) 2015, Tharique Azeez (http://thariqueazeez.com | zeezat@gmail.com). Copyright (c) 2012, vernon adams (vern@newtypography.co.uk)",1
Paytone One,OFL-1.1,ofl/paytoneone,Vernon Adams,Copyright 2011 The Paytone Project Authors (https://github.com/googlefonts/paytoneFont),1
Peddana,OFL-1.1,ofl/peddana,Appaji Ambarisha Darbha,"Copyright (c) 2012 Andhrapradesh Society for Knowledge Networks (fonts.siliconandhra.org). Copyright (c) 1997-2014, SIL International (http://scripts.sil.org/) with Reserved Font Names \""Charis\"" and \""SIL\"".",1
Peralta,OFL-1.1,ofl/peralta,Astigmatic,"Copyright (c) 2012 by Brian J. Bonislawsky DBA Astigmatic (AOETI) (astigma@astigmatic.com), with Reserved Font Name \""Peralta\""",1
Petemoss,OFL-1.1,ofl/petemoss,Robert Leuschke,Copyright 2008-2021 The Petemoss Project Authors (https://github.com/googlefonts/petemoss),1
Petit Formal Script,OFL-1.1,ofl/petitformalscript,Impallari Type,"Copyright (c) 2011, Pablo Impallari (www.impallari.com|impallari@gmail.com), Copyright (c) 2011, Brenda Gallo. (gbrenda1987@gmail.com), Copyright (c) 2011, Rodrigo Fuenzalida (www.rfuenzalida.com|hello@rfuenzalida.com),   with Reserved Font Name Petit Formal Script.",1
Petrona,OFL-1.1,ofl/petrona,Ringo R. Seeber,Copyright 2019 The Petrona Project Authors (https://github.com/RingoSeeber/Petrona),2
Phetsarath,OFL-1.1,ofl/phetsarath,Danh Hong,"Copyright (c) 2010-2012, Ministry of Posts and Telecommunications, Laos (www.phetsarath.gov.la)",2
Philosopher,OFL-1.1,ofl/philosopher,Jovanny Lemonad,Copyright 2011 The Philosopher Project Authors (https://github.com/alexeiva/philosopher),4
Phudu,OFL-1.1,ofl/phudu,Dương Trần,Copyright 2022 The Phudu Project Authors (https://github.com/duongtrtype/DTPhudu),1
Piazzolla,OFL-1.1,ofl/piazzolla,"Juan Pablo del Peral, HT Fonts",Copyright 2018 The Piazzolla Project Authors (https://github.com/huertatipografica/piazzolla),2
Piedra,OFL-1.1,ofl/piedra,Sudtipos,"Copyright (c) 2011 Angel Koziupa (sudtipos@sudtipos.com), Copyright (c) 2011 Alejandro Paul (sudtipos@sudtipos.com), with Reserved Font Name \""Piedra\""",1
Pinyon Script,OFL-1.1,ofl/pinyonscript,Nicole Fally,Copyright 2022 The PinyonScript Project Authors (https://github.com/SorkinType/Pinyon),1
Pirata One,OFL-1.1,ofl/pirataone,"Rodrigo Fuenzalida, Nicolas Massi","Copyright (c) 2012, Rodrigo Fuenzalida (hello@rfuenzalida.com), Nicolas Massi (www.taip.com.ar / abc.taip.com.ar / nmassi@gmail.com), with Reserved Font Name \'Pirata\'",1
Pixelify Sans,OFL-1.1,ofl/pixelifysans,Stefie Justprince,Copyright 2021 The Pixelify Sans Project Authors (https://github.com/eifetx/Pixelify-Sans),1
Plaster,OFL-1.1,ofl/plaster,Sorkin Type,"Copyright (c) 2011, Sorkin Type Co (www.sorkintype.com eben@eyebytes.com) with Reserved Font Name \""Plaster\""",1
Platypi,OFL-1.1,ofl/platypi,David Sargent,Copyright 2024 The Platypi Project Authors (https://github.com/d-sargent/platypi),2
Play,OFL-1.1,ofl/play,Jonas Hecksher,"Copyright (c) 2011, Jonas Hecksher, Playtypes, e-types AS (lasse@e-types.com), with Reserved Font Name \'Play\', \'Playtype\', \'Playtype Sans\'.",2
Playball,OFL-1.1,ofl/playball,Robert Leuschke,Copyright 2011 The Playball Project Authors (https://github.com/googlefonts/play-ball),1
Playfair,OFL-1.1,ofl/playfair,Claus Eggers Sørensen,Copyright 2005 The Playfair Project Authors (https://github.com/clauseggers/Playfair),2
Playfair Display,OFL-1.1,ofl/playfairdisplay,Claus Eggers Sørensen,"Copyright 2017 The Playfair Display Project Authors (https://github.com/clauseggers/Playfair-Display), with Reserved Font Name \""Playfair Display\"".",2
Playfair Display SC,OFL-1.1,ofl/playfairdisplaysc,Claus Eggers Sørensen,"Copyright 2017 The Playfair Display Project Authors (https://github.com/clauseggers/Playfair-Display), with Reserved Font Name \""Playfair Display\"".",6
Playpen Sans,OFL-1.1,ofl/playpensans,"TypeTogether, Laura Meseguer, Veronika Burian, José Scaglione, Kostas Bartsokas, Vera Evstafieva, Tom Grace, Yorlmar Campos",Copyright 2023 The Playpen Sans Project Authors (https://github.com/TypeTogether/Playpen-Sans),1
Playpen Sans Arabic,OFL-1.1,ofl/playpensansarabic,"TypeTogether, Azza Alameddine, Laura Meseguer, Veronika Burian, José Scaglione",Copyright 2023 The Playpen Sans Project Authors (https://github.com/TypeTogether/Playpen-Sans),1
Playpen Sans Deva,OFL-1.1,ofl/playpensansdeva,"TypeTogether, Pooja Saxena, Gunjan Panchal, Laura Meseguer, Veronika Burian, José Scaglione",Copyright 2023 The Playpen Sans Project Authors (https://github.com/TypeTogether/Playpen-Sans),1
Playpen Sans Hebrew,OFL-1.1,ofl/playpensanshebrew,"TypeTogether, Tom Grace, Laura Meseguer, Veronika Burian, José Scaglione",Copyright 2023 The Playpen Sans Project Authors (https://github.com/TypeTogether/Playpen-Sans),1
Playpen Sans Thai,OFL-1.1,ofl/playpensansthai,"TypeTogether, Sirin Gunkloy, Laura Meseguer, Veronika Burian, José Scaglione",Copyright 2023 The Playpen Sans Project Authors (https://github.com/TypeTogether/Playpen-Sans),1
Playwrite AR,OFL-1.1,ofl/playwritear,"TypeTogether, Veronika Burian, José Scaglione",Copyright 2023 The Playwrite Project Authors (https://github.com/TypeTogether/Playwrite),1
Playwrite AR Guides,OFL-1.1,ofl/playwritearguides,"TypeTogether, Veronika Burian, José Scaglione",Copyright 2023 The Playwrite Project Authors (https://github.com/TypeTogether/Playwrite),1
Playwrite AT,OFL-1.1,ofl/playwriteat,"TypeTogether, Veronika Burian, José Scaglione",Copyright 2023 The Playwrite Project Authors (https://github.com/TypeTogether/Playwrite),2
Playwrite AT Guides,OFL-1.1,ofl/playwriteatguides,"TypeTogether, Veronika Burian, José Scaglione",Copyright 2023 The Playwrite Project Authors (https://github.com/TypeTogether/Playwrite),2
Playwrite AU NSW,OFL-1.1,ofl/playwriteaunsw,"TypeTogether, Veronika Burian, José Scaglione",Copyright 2023 The Playwrite Project Authors (https://github.com/TypeTogether/Playwrite),1
Playwrite AU NSW Guides,OFL-1.1,ofl/playwriteaunswguides,"TypeTogether, Veronika Burian, José Scaglione",Copyright 2023 The Playwrite Project Authors (https://github.com/TypeTogether/Playwrite),1
Playwrite AU QLD,OFL-1.1,ofl/playwriteauqld,"TypeTogether, Veronika Burian, José Scaglione",Copyright 2023 The Playwrite Project Authors (https://github.com/TypeTogether/Playwrite),1
Playwrite AU QLD Guides,OFL-1.1,ofl/playwriteauqldguides,"TypeTogether, Veronika Burian, José Scaglione",Copyright 2023 The Playwrite Project Authors (https://github.com/TypeTogether/Playwrite),1
Playwrite AU SA,OFL-1.1,ofl/playwriteausa,"TypeTogether, Veronika Burian, José Scaglione",Copyright 2023 The Playwrite Project Authors (https://github.com/TypeTogether/Playwrite),1
Playwrite AU SA Guides,OFL-1.1,ofl/playwriteausaguides,"TypeTogether, Veronika Burian, José Scaglione",Copyright 2023 The Playwrite Project Authors (https://github.com/TypeTogether/Playwrite),1
Playwrite AU TAS,OFL-1.1,ofl/playwriteautas,"TypeTogether, Veronika Burian, José Scaglione",Copyright 2023 The Playwrite Project Authors (https://github.com/TypeTogether/Playwrite),1
Playwrite AU TAS Guides,OFL-1.1,ofl/playwriteautasguides,"TypeTogether, Veronika Burian, José Scaglione",Copyright 2023 The Playwrite Project Authors (https://github.com/TypeTogether/Playwrite),1
Playwrite AU VIC,OFL-1.1,ofl/playwriteauvic,"TypeTogether, Veronika Burian, José Scaglione",Copyright 2023 The Playwrite Project Authors (https://github.com/TypeTogether/Playwrite),1
Playwrite AU VIC Guides,OFL-1.1,ofl/playwriteauvicguides,"TypeTogether, Veronika Burian, José Scaglione",Copyright 2023 The Playwrite Project Authors (https://github.com/TypeTogether/Playwrite),1
Playwrite BE VLG,OFL-1.1,ofl/playwritebevlg,"TypeTogether, Veronika Burian, José Scaglione",Copyright 2023 The Playwrite Project Authors (https://github.com/TypeTogether/Playwrite),1
Playwrite BE VLG Guides,OFL-1.1,ofl/playwritebevlgguides,"TypeTogether, Veronika Burian, José Scaglione",Copyright 2023 The Playwrite Project Authors (https://github.com/TypeTogether/Playwrite),1
Playwrite BE WAL,OFL-1.1,ofl/playwritebewal,"TypeTogether, Veronika Burian, José Scaglione",Copyright 2023 The Playwrite Project Authors (https://github.com/TypeTogether/Playwrite),1
Playwrite BE WAL Guides,OFL-1.1,ofl/playwritebewalguides,"TypeTogether, Veronika Burian, José Scaglione",Copyright 2023 The Playwrite Project Authors (https://github.com/TypeTogether/Playwrite),1
Playwrite BR,OFL-1.1,ofl/playwritebr,"TypeTogether, Veronika Burian, José Scaglione",Copyright 2023 The Playwrite Project Authors (https://github.com/TypeTogether/Playwrite),1
Playwrite BR Guides,OFL-1.1,ofl/playwritebrguides,"TypeTogether, Veronika Burian, José Scaglione",Copyright 2023 The Playwrite Project Authors (https://github.com/TypeTogether/Playwrite),1
Playwrite CA,OFL-1.1,ofl/playwriteca,"TypeTogether, Veronika Burian, José Scaglione",Copyright 2023 The Playwrite Project Authors (https://github.com/TypeTogether/Playwrite),1
Playwrite CA Guides,OFL-1.1,ofl/playwritecaguides,"TypeTogether, Veronika Burian, José Scaglione",Copyright 2023 The Playwrite Project Authors (https://github.com/TypeTogether/Playwrite),1
Playwrite CL,OFL-1.1,ofl/playwritecl,"TypeTogether, Veronika Burian, José Scaglione",Copyright 2023 The Playwrite Project Authors (https://github.com/TypeTogether/Playwrite),1
Playwrite CL Guides,OFL-1.1,ofl/playwriteclguides,"TypeTogether, Veronika Burian, José Scaglione",Copyright 2023 The Playwrite Project Authors (https://github.com/TypeTogether/Playwrite),1
Playwrite CO,OFL-1.1,ofl/playwriteco,"TypeTogether, Veronika Burian, José Scaglione",Copyright 2023 The Playwrite Project Authors (https://github.com/TypeTogether/Playwrite),1
Playwrite CO Guides,OFL-1.1,ofl/playwritecoguides,"TypeTogether, Veronika Burian, José Scaglione",Copyright 2023 The Playwrite Project Authors (https://github.com/TypeTogether/Playwrite),1
Playwrite CU,OFL-1.1,ofl/playwritecu,"TypeTogether, Veronika Burian, José Scaglione",Copyright 2023 The Playwrite Project Authors (https://github.com/TypeTogether/Playwrite),1
Playwrite CU Guides,OFL-1.1,ofl/playwritecuguides,"TypeTogether, Veronika Burian, José Scaglione",Copyright 2023 The Playwrite Project Authors (https://github.com/TypeTogether/Playwrite),1
Playwrite CZ,OFL-1.1,ofl/playwritecz,"TypeTogether, Veronika Burian, José Scaglione",Copyright 2023 The Playwrite Project Authors (https://github.com/TypeTogether/Playwrite),1
Playwrite CZ Guides,OFL-1.1,ofl/playwriteczguides,"TypeTogether, Veronika Burian, José Scaglione",Copyright 2023 The Playwrite Project Authors (https://github.com/TypeTogether/Playwrite),1
Playwrite DE Grund,OFL-1.1,ofl/playwritedegrund,"TypeTogether, Veronika Burian, José Scaglione",Copyright 2023 The Playwrite Project Authors (https://github.com/TypeTogether/Playwrite),1
Playwrite DE Grund Guides,OFL-1.1,ofl/playwritedegrundguides,"TypeTogether, Veronika Burian, José Scaglione",Copyright 2023 The Playwrite Project Authors (https://github.com/TypeTogether/Playwrite),1
Playwrite DE LA,OFL-1.1,ofl/playwritedela,"TypeTogether, Veronika Burian, José Scaglione",Copyright 2023 The Playwrite Project Authors (https://github.com/TypeTogether/Playwrite),1
Playwrite DE LA Guides,OFL-1.1,ofl/playwritedelaguides,"TypeTogether, Veronika Burian, José Scaglione",Copyright 2023 The Playwrite Project Authors (https://github.com/TypeTogether/Playwrite),1
Playwrite DE SAS,OFL-1.1,ofl/playwritedesas,"TypeTogether, Veronika Burian, José Scaglione",Copyright 2023 The Playwrite Project Authors (https://github.com/TypeTogether/Playwrite),1
Playwrite DE SAS Guides,OFL-1.1,ofl/playwritedesasguides,"TypeTogether, Veronika Burian, José Scaglione",Copyright 2023 The Playwrite Project Authors (https://github.com/TypeTogether/Playwrite),1
Playwrite DE VA,OFL-1.1,ofl/playwritedeva,"TypeTogether, Veronika Burian, José Scaglione",Copyright 2023 The Playwrite Project Authors (https://github.com/TypeTogether/Playwrite),1
Playwrite DE VA Guides,OFL-1.1,ofl/playwritedevaguides,"TypeTogether, Veronika Burian, José Scaglione",Copyright 2023 The Playwrite Project Authors (https://github.com/TypeTogether/Playwrite),1
Playwrite DK Loopet,OFL-1.1,ofl/playwritedkloopet,"TypeTogether, Veronika Burian, José Scaglione",Copyright 2023 The Playwrite Project Authors (https://github.com/TypeTogether/Playwrite),1
Playwrite DK Loopet Guides,OFL-1.1,ofl/playwritedkloopetguides,"TypeTogether, Veronika Burian, José Scaglione",Copyright 2023 The Playwrite Project Authors (https://github.com/TypeTogether/Playwrite),1
Playwrite DK Uloopet,OFL-1.1,ofl/playwritedkuloopet,"TypeTogether, Veronika Burian, José Scaglione",Copyright 2023 The Playwrite Project Authors (https://github.com/TypeTogether/Playwrite),1
Playwrite DK Uloopet Guides,OFL-1.1,ofl/playwritedkuloopetguides,"TypeTogether, Veronika Burian, José Scaglione",Copyright 2023 The Playwrite Project Authors (https://github.com/TypeTogether/Playwrite),1
Playwrite ES,OFL-1.1,ofl/playwritees,"TypeTogether, Veronika Burian, José Scaglione",Copyright 2023 The Playwrite Project Authors (https://github.com/TypeTogether/Playwrite),1
Playwrite ES Deco,OFL-1.1,ofl/playwriteesdeco,"TypeTogether, Veronika Burian, José Scaglione",Copyright 2023 The Playwrite Project Authors (https://github.com/TypeTogether/Playwrite),1
Playwrite ES Deco Guides,OFL-1.1,ofl/playwriteesdecoguides,"TypeTogether, Veronika Burian, José Scaglione",Copyright 2023 The Playwrite Project Authors (https://github.com/TypeTogether/Playwrite),1
Playwrite ES Guides,OFL-1.1,ofl/playwriteesguides,"TypeTogether, Veronika Burian, José Scaglione",Copyright 2023 The Playwrite Project Authors (https://github.com/TypeTogether/Playwrite),1
Playwrite FR Moderne,OFL-1.1,ofl/playwritefrmoderne,"TypeTogether, Veronika Burian, José Scaglione",Copyright 2023 The Playwrite Project Authors (https://github.com/TypeTogether/Playwrite),1
Playwrite FR Moderne Guides,OFL-1.1,ofl/playwritefrmoderneguides,"TypeTogether, Veronika Burian, José Scaglione",Copyright 2023 The Playwrite Project Authors (https://github.com/TypeTogether/Playwrite),1
Playwrite FR Trad,OFL-1.1,ofl/playwritefrtrad,"TypeTogether, Veronika Burian, José Scaglione",Copyright 2023 The Playwrite Project Authors (https://github.com/TypeTogether/Playwrite),1
Playwrite FR Trad Guides,OFL-1.1,ofl/playwritefrtradguides,"TypeTogether, Veronika Burian, José Scaglione",Copyright 2023 The Playwrite Project Authors (https://github.com/TypeTogether/Playwrite),1
Playwrite GB J,OFL-1.1,ofl/playwritegbj,"TypeTogether, Veronika Burian, José Scaglione",Copyright 2023 The Playwrite Project Authors (https://github.com/TypeTogether/Playwrite),2
Playwrite GB J Guides,OFL-1.1,ofl/playwritegbjguides,"TypeTogether, Veronika Burian, José Scaglione",Copyright 2023 The Playwrite Project Authors (https://github.com/TypeTogether/Playwrite),2
Playwrite GB S,OFL-1.1,ofl/playwritegbs,"TypeTogether, Veronika Burian, José Scaglione",Copyright 2023 The Playwrite Project Authors (https://github.com/TypeTogether/Playwrite),2
Playwrite GB S Guides,OFL-1.1,ofl/playwritegbsguides,"TypeTogether, Veronika Burian, José Scaglione",Copyright 2023 The Playwrite Project Authors (https://github.com/TypeTogether/Playwrite),2
Playwrite HR,OFL-1.1,ofl/playwritehr,"TypeTogether, Veronika Burian, José Scaglione",Copyright 2023 The Playwrite Project Authors (https://github.com/TypeTogether/Playwrite),1
Playwrite HR Guides,OFL-1.1,ofl/playwritehrguides,"TypeTogether, Veronika Burian, José Scaglione",Copyright 2023 The Playwrite Project Authors (https://github.com/TypeTogether/Playwrite),1
Playwrite HR Lijeva,OFL-1.1,ofl/playwritehrlijeva,"TypeTogether, Veronika Burian, José Scaglione",Copyright 2023 The Playwrite Project Authors (https://github.com/TypeTogether/Playwrite),1
Playwrite HR Lijeva Guides,OFL-1.1,ofl/playwritehrlijevaguides,"TypeTogether, Veronika Burian, José Scaglione",Copyright 2023 The Playwrite Project Authors (https://github.com/TypeTogether/Playwrite),1
Playwrite HU,OFL-1.1,ofl/playwritehu,"TypeTogether, Veronika Burian, José Scaglione",Copyright 2023 The Playwrite Project Authors (https://github.com/TypeTogether/Playwrite),1
Playwrite HU Guides,OFL-1.1,ofl/playwritehuguides,"TypeTogether, Veronika Burian, José Scaglione",Copyright 2023 The Playwrite Project Authors (https://github.com/TypeTogether/Playwrite),1
Playwrite ID,OFL-1.1,ofl/playwriteid,"TypeTogether, Veronika Burian, José Scaglione",Copyright 2023 The Playwrite Project Authors (https://github.com/TypeTogether/Playwrite),1
Playwrite ID Guides,OFL-1.1,ofl/playwriteidguides,"TypeTogether, Veronika Burian, José Scaglione",Copyright 2023 The Playwrite Project Authors (https://github.com/TypeTogether/Playwrite),1
Playwrite IE,OFL-1.1,ofl/playwriteie,"TypeTogether, Veronika Burian, José Scaglione",Copyright 2023 The Playwrite Project Authors (https://github.com/TypeTogether/Playwrite),1
Playwrite IE Guides,OFL-1.1,ofl/playwriteieguides,"TypeTogether, Veronika Burian, José Scaglione",Copyright 2023 The Playwrite Project Authors (https://github.com/TypeTogether/Playwrite),1
Playwrite IN,OFL-1.1,ofl/playwritein,"TypeTogether, Veronika Burian, José Scaglione",Copyright 2023 The Playwrite Project Authors (https://github.com/TypeTogether/Playwrite),1
Playwrite IN Guides,OFL-1.1,ofl/playwriteinguides,"TypeTogether, Veronika Burian, José Scaglione",Copyright 2023 The Playwrite Project Authors (https://github.com/TypeTogether/Playwrite),1
Playwrite IS,OFL-1.1,ofl/playwriteis,"TypeTogether, Veronika Burian, José Scaglione",Copyright 2023 The Playwrite Project Authors (https://github.com/TypeTogether/Playwrite),1
Playwrite IS Guides,OFL-1.1,ofl/playwriteisguides,"TypeTogether, Veronika Burian, José Scaglione",Copyright 2023 The Playwrite Project Authors (https://github.com/TypeTogether/Playwrite),1
Playwrite IT Moderna,OFL-1.1,ofl/playwriteitmoderna,"TypeTogether, Veronika Burian, José Scaglione",Copyright 2023 The Playwrite Project Authors (https://github.com/TypeTogether/Playwrite),1
Playwrite IT Moderna Guides,OFL-1.1,ofl/playwriteitmodernaguides,"TypeTogether, Veronika Burian, José Scaglione",Copyright 2023 The Playwrite Project Authors (https://github.com/TypeTogether/Playwrite),1
Playwrite IT Trad,OFL-1.1,ofl/playwriteittrad,"TypeTogether, Veronika Burian, José Scaglione",Copyright 2023 The Playwrite Project Authors (https://github.com/TypeTogether/Playwrite),1
Playwrite IT Trad Guides,OFL-1.1,ofl/playwriteittradguides,"TypeTogether, Veronika Burian, José Scaglione",Copyright 2023 The Playwrite Project Authors (https://github.com/TypeTogether/Playwrite),1
Playwrite MX,OFL-1.1,ofl/playwritemx,"TypeTogether, Veronika Burian, José Scaglione",Copyright 2023 The Playwrite Project Authors (https://github.com/TypeTogether/Playwrite),1
Playwrite MX Guides,OFL-1.1,ofl/playwritemxguides,"TypeTogether, Veronika Burian, José Scaglione",Copyright 2023 The Playwrite Project Authors (https://github.com/TypeTogether/Playwrite),1
Playwrite NG Modern,OFL-1.1,ofl/playwritengmodern,"TypeTogether, Veronika Burian, José Scaglione",Copyright 2023 The Playwrite Project Authors (https://github.com/TypeTogether/Playwrite),1
Playwrite NG Modern Guides,OFL-1.1,ofl/playwritengmodernguides,"TypeTogether, Veronika Burian, José Scaglione",Copyright 2023 The Playwrite Project Authors (https://github.com/TypeTogether/Playwrite),1
Playwrite NL,OFL-1.1,ofl/playwritenl,"TypeTogether, Veronika Burian, José Scaglione",Copyright 2023 The Playwrite Project Authors (https://github.com/TypeTogether/Playwrite),1
Playwrite NL Guides,OFL-1.1,ofl/playwritenlguides,"TypeTogether, Veronika Burian, José Scaglione",Copyright 2023 The Playwrite Project Authors (https://github.com/TypeTogether/Playwrite),1
Playwrite NO,OFL-1.1,ofl/playwriteno,"TypeTogether, Veronika Burian, José Scaglione",Copyright 2023 The Playwrite Project Authors (https://github.com/TypeTogether/Playwrite),1
Playwrite NO Guides,OFL-1.1,ofl/playwritenoguides,"TypeTogether, Veronika Burian, José Scaglione",Copyright 2023 The Playwrite Project Authors (https://github.com/TypeTogether/Playwrite),1
Playwrite NZ,OFL-1.1,ofl/playwritenz,"TypeTogether, Veronika Burian, José Scaglione",Copyright 2023 The Playwrite Project Authors (https://github.com/TypeTogether/Playwrite),1
Playwrite NZ Basic,OFL-1.1,ofl/playwritenzbasic,"TypeTogether, Veronika Burian, José Scaglione",Copyright 2023 The Playwrite Project Authors (https://github.com/TypeTogether/Playwrite),1
Playwrite NZ Basic Guides,OFL-1.1,ofl/playwritenzbasicguides,"TypeTogether, Veronika Burian, José Scaglione",Copyright 2023 The Playwrite Project Authors (https://github.com/TypeTogether/Playwrite),1
Playwrite NZ Guides,OFL-1.1,ofl/playwritenzguides,"TypeTogether, Veronika Burian, José Scaglione",Copyright 2023 The Playwrite Project Authors (https://github.com/TypeTogether/Playwrite),1
Playwrite PE,OFL-1.1,ofl/playwritepe,"TypeTogether, Veronika Burian, José Scaglione",Copyright 2023 The Playwrite Project Authors (https://github.com/TypeTogether/Playwrite),1
Playwrite PE Guides,OFL-1.1,ofl/playwritepeguides,"TypeTogether, Veronika Burian, José Scaglione",Copyright 2023 The Playwrite Project Authors (https://github.com/TypeTogether/Playwrite),1
Playwrite PL,OFL-1.1,ofl/playwritepl,"TypeTogether, Veronika Burian, José Scaglione",Copyright 2023 The Playwrite Project Authors (https://github.com/TypeTogether/Playwrite),1
Playwrite PL Guides,OFL-1.1,ofl/playwriteplguides,"TypeTogether, Veronika Burian, José Scaglione",Copyright 2023 The Playwrite Project Authors (https://github.com/TypeTogether/Playwrite),1
Playwrite PT,OFL-1.1,ofl/playwritept,"TypeTogether, Veronika Burian, José Scaglione",Copyright 2023 The Playwrite Project Authors (https://github.com/TypeTogether/Playwrite),1
Playwrite PT Guides,OFL-1.1,ofl/playwriteptguides,"TypeTogether, Veronika Burian, José Scaglione",Copyright 2023 The Playwrite Project Authors (https://github.com/TypeTogether/Playwrite),1
Playwrite RO,OFL-1.1,ofl/playwritero,"TypeTogether, Veronika Burian, José Scaglione",Copyright 2023 The Playwrite Project Authors (https://github.com/TypeTogether/Playwrite),1
Playwrite RO Guides,OFL-1.1,ofl/playwriteroguides,"TypeTogether, Veronika Burian, José Scaglione",Copyright 2023 The Playwrite Project Authors (https://github.com/TypeTogether/Playwrite),1
Playwrite SK,OFL-1.1,ofl/playwritesk,"TypeTogether, Veronika Burian, José Scaglione",Copyright 2023 The Playwrite Project Authors (https://github.com/TypeTogether/Playwrite),1
Playwrite SK Guides,OFL-1.1,ofl/playwriteskguides,"TypeTogether, Veronika Burian, José Scaglione",Copyright 2023 The Playwrite Project Authors (https://github.com/TypeTogether/Playwrite),1
Playwrite TZ,OFL-1.1,ofl/playwritetz,"TypeTogether, Veronika Burian, José Scaglione",Copyright 2023 The Playwrite Project Authors (https://github.com/TypeTogether/Playwrite),1
Playwrite TZ Guides,OFL-1.1,ofl/playwritetzguides,"TypeTogether, Veronika Burian, José Scaglione",Copyright 2023 The Playwrite Project Authors (https://github.com/TypeTogether/Playwrite),1
Playwrite US Modern,OFL-1.1,ofl/playwriteusmodern,"TypeTogether, Veronika Burian, José Scaglione",Copyright 2023 The Playwrite Project Authors (https://github.com/TypeTogether/Playwrite),1
Playwrite US Modern Guides,OFL-1.1,ofl/playwriteusmodernguides,"TypeTogether, Veronika Burian, José Scaglione",Copyright 2023 The Playwrite Project Authors (https://github.com/TypeTogether/Playwrite),1
Playwrite US Trad,OFL-1.1,ofl/playwriteustrad,"TypeTogether, Veronika Burian, José Scaglione",Copyright 2023 The Playwrite Project Authors (https://github.com/TypeTogether/Playwrite),1
Playwrite US Trad Guides,OFL-1.1,ofl/playwriteustradguides,"TypeTogether, Veronika Burian, José Scaglione",Copyright 2023 The Playwrite Project Authors (https://github.com/TypeTogether/Playwrite),1
Playwrite VN,OFL-1.1,ofl/playwritevn,"TypeTogether, Veronika Burian, José Scaglione",Copyright 2023 The Playwrite Project Authors (https://github.com/TypeTogether/Playwrite),1
Playwrite VN Guides,OFL-1.1,ofl/playwritevnguides,"TypeTogether, Veronika Burian, José Scaglione",Copyright 2023 The Playwrite Project Authors (https://github.com/TypeTogether/Playwrite),1
Playwrite ZA,OFL-1.1,ofl/playwriteza,"TypeTogether, Veronika Burian, José Scaglione",Copyright 2023 The Playwrite Project Authors (https://github.com/TypeTogether/Playwrite),1
Playwrite ZA Guides,OFL-1.1,ofl/playwritezaguides,"TypeTogether, Veronika Burian, José Scaglione",Copyright 2023 The Playwrite Project Authors (https://github.com/TypeTogether/Playwrite),1
Pliant,OFL-1.1,ofl/pliant,"Non Foundry, Jona Saucedo",Copyright 2025 The Pliant Project Authors (https://github.com/TheJonassss/Pliant),2
Plus Jakarta Sans,OFL-1.1,ofl/plusjakartasans,Tokotype,Copyright 2020 The Plus Jakarta Sans Project Authors (https://github.com/tokotype/PlusJakartaSans),2
Pochaevsk,OFL-1.1,ofl/pochaevsk,Aleksandr Andreev,Copyright 2025 The Pochaevsk Project Authors (https://github.com/slavonic/pochaevsk).,1
Podkova,OFL-1.1,ofl/podkova,Cyreal,Copyright 2011 The Podkova Project Authors (https://github.com/cyrealtype/Podkova),1
podkovavfbeta,OFL-1.1,ofl/podkovavfbeta,,Copyright 2011 The Podkova Project Authors (contact@cyreal.org),1
Poetsen One,OFL-1.1,ofl/poetsenone,"Rodrigo Fuenzalida, Pablo Impallari","Copyright (c) 2012, Pablo Impallari (www.impallari.com|impallari@gmail.com) and Rodrigo Fuenzalida (www.rfuenzalida.com), with Reserved Font Name Poetsen.",1
Poiret One,OFL-1.1,ofl/poiretone,Denis Masharov,Copyright 2011 The Poiret One Project Authors (https://github.com/alexeiva/poiretone),1
Poller One,OFL-1.1,ofl/pollerone,Yvonne Schüttler,"Copyright (c) 2011, Sorkin Type Co (www.sorkintype.com eben@eyebytes.com) with Reserved Font Names \""Poller\"" and \""Poller One\"".",1
Poltawski Nowy,OFL-1.1,ofl/poltawskinowy,"Adam Półtawski, Mateusz Machalski, Borys Kosmynka, Ania Wieluńska",Copyright 2020 The Poltawski Nowy Project Authors (https://github.com/kosmynkab/Poltawski-Nowy),2
Poly,OFL-1.1,ofl/poly,Nicolás Silva,"Copyright (c) 2010 by Jos Nicols Silva Schwarzenberg.<info@nsilva.com>, with Reserved Font Names \""Poly\"".",2
Pompiere,OFL-1.1,ofl/pompiere,Karolina Lach,"Copyright (c) 2011, Sorkin Type Co (www.sorkintype.com eben@eyebytes.com) with Reserved Font Name \""Pompiere\"".",1
Ponnala,OFL-1.1,ofl/ponnala,Appaji Ambarisha Darbha,Copyright (c) 2012 Silicon Andhra (fonts.siliconandhra.org),1
Ponomar,OFL-1.1,ofl/ponomar,Aleksandr Andreev,Copyright 2025 The Ponomar Project Authors (https://github.com/slavonic/ponomar),1
Pontano Sans,OFL-1.1,ofl/pontanosans,Vernon Adams,Copyright 2012 The Pontano Sans Project Authors (https://github.com/googlefonts/PontanoSansFont),1
Poor Story,OFL-1.1,ofl/poorstory,Yoon Design,Copyright (c) YoonDesign Inc. All Rights Reserved.,1
Poppins,OFL-1.1,ofl/poppins,"Indian Type Foundry, Jonny Pinhorn, Ninad Kale",Copyright 2020 The Poppins Project Authors (https://github.com/itfoundry/Poppins),18
Porter Sans Block,OFL-1.1,ofl/portersansblock,Tyler Finck,"Copyright (c) 2013, Tyler Finck (hello@sursly.com)",1
Port Lligat Sans,OFL-1.1,ofl/portlligatsans,Tipo,"Copyright (c) 2011, Tipo (http://www.tipo.net.ar dario@tipo.net.ar), with Reserved Font Name \""Port Lligat Sans\""",1
Port Lligat Slab,OFL-1.1,ofl/portlligatslab,Tipo,"Copyright (c) 2011, Tipo (http://www.tipo.net.ar dario@tipo.net.ar), with Reserved Font Name \""Port Lligat Slab\""",1
Potta One,OFL-1.1,ofl/pottaone,Font Zone 108,"Copyright 2020 The Potta Project Authors (https://github.com/go108go/Potta), all rights reserved.",1
Pragati Narrow,OFL-1.1,ofl/pragatinarrow,Omnibus-Type,"Copyright (c) 2012-2015, Omnibus-Type (www.omnibus-type.com omnibus.type@gmail.com)",2
Praise,OFL-1.1,ofl/praise,Robert Leuschke,Copyright 2014 The Praise Project Authors (https://github.com/googlefonts/praise-script),1
Prata,OFL-1.1,ofl/prata,Cyreal,Copyright 2011 The Prata Project Authors (contact@cyreal.org),1
Preahvihear,OFL-1.1,ofl/preahvihear,Danh Hong,Copyright 2020 The Preahvihear Project Authors (https://github.com/danhhong/Preahvihear),1
Press Start 2P,OFL-1.1,ofl/pressstart2p,CodeMan38,"Copyright 2012 The Press Start 2P Project Authors (cody@zone38.net), with Reserved Font Name \""Press Start 2P\""",1
Pridi,OFL-1.1,ofl/pridi,Cadson Demak,"Copyright (c) 2015, Cadson Demak (info@cadsondemak.com)",6
Princess Sofia,OFL-1.1,ofl/princesssofia,Tart Workshop,"Copyright (c) 2012 by Font Diner, Inc DBA Tart Workshop (diner@fontdiner.com) with Reseved Font Name \""Princess Sofia\""",1
Prociono,OFL-1.1,ofl/prociono,Barry Schwartz,"Copyright (c) 2011, Barry Schwartz (chemoelectric@chemoelectric.org)",1
Prompt,OFL-1.1,ofl/prompt,Cadson Demak,"Copyright (c) 2015, Cadson Demak (info@cadsondemak.com)",18
Prosto One,OFL-1.1,ofl/prostoone,"Jovanny Lemonad, Pavel Emelyanov","Copyright (c) 2012, Jovanny Lemonad (http://www.jovanny.ru), Copyright (c) 2012, Pavel Emelyanov (zakachka2006@mail.ru), with Reserved Font Name \""Prosto\"" and \""Prosto One\"".",1
Protest Guerrilla,OFL-1.1,ofl/protestguerrilla,Octavio Pardo,Copyright 2020 The Protest Project Authors (https://github.com/octaviopardo/Protest),1
Protest Revolution,OFL-1.1,ofl/protestrevolution,Octavio Pardo,Copyright 2020 The Protest Project Authors (https://github.com/octaviopardo/Protest),1
Protest Riot,OFL-1.1,ofl/protestriot,Octavio Pardo,Copyright 2020 The Protest Project Authors (https://github.com/octaviopardo/Protest),1
Protest Strike,OFL-1.1,ofl/proteststrike,Octavio Pardo,Copyright 2020 The Protest Project Authors (https://github.com/octaviopardo/Protest),1
Proza Libre,OFL-1.1,ofl/prozalibre,Jasper de Waard,Copyright (c) 2015 by Jasper de Waard. All rights reserved.,10
PT Mono,OFL-1.1,ofl/ptmono,ParaType,"Copyright © 2010 ParaType Inc., ParaType Ltd (yakupov@paratype.com). All rights reserved.",1
PT Sans,OFL-1.1,ofl/ptsans,ParaType,Copyright © 2009 ParaType Ltd (yakupov@paratype.com). All rights reserved.,4
PT Sans Caption,OFL-1.1,ofl/ptsanscaption,ParaType,Copyright © 2009 ParaType Ltd (yakupov@paratype.com). All rights reserved.,2
PT Sans Narrow,OFL-1.1,ofl/ptsansnarrow,ParaType,Copyright © 2009 ParaType Ltd (yakupov@paratype.com). All rights reserved.,2
PT Serif,OFL-1.1,ofl/ptserif,ParaType,Copyright © 2010 ParaType Ltd (yakupov@paratype.com). All rights reserved.,4
PT Serif Caption,OFL-1.1,ofl/ptserifcaption,ParaType,Copyright © 2010 ParaType Ltd (yakupov@paratype.com). All rights reserved.,2
Public Sans,OFL-1.1,ofl/publicsans,"USWDS, Dan Williams, Pablo Impallari, Rodrigo Fuenzalida",Copyright 2015 The Public Sans Project Authors (https://github.com/uswds/public-sans),2
Puppies Play,OFL-1.1,ofl/puppiesplay,Robert Leuschke,Copyright 2009-2021 The Puppies Play Project Authors (https://github.com/googlefonts/puppies-play),1
Puritan,OFL-1.1,ofl/puritan,Ben Weiner,Copyright 1999-2010 Ben Weiner (ben@readingtype.org.uk). Licensed under the Open Font License v1.1 (http://scripts.sil.org/OFL),4
Purple Purse,OFL-1.1,ofl/purplepurse,Astigmatic,"Copyright (c) 2012 by Brian J. Bonislawsky DBA Astigmatic (AOETI) (astigma@astigmatic.com), with Reserved Font Name \""Purple Purse\""",1
Pushster,OFL-1.1,ofl/pushster,Sir Andyj,"Copyright 2010 xyz The Lobster Project Authors (https://github.com/impallari/The-Lobster-Font), with Reserved Font Name \""Lobster\"".4",1
Qahiri,OFL-1.1,ofl/qahiri,Khaled Hosny,Copyright 2021 The Qahiri Project Authors (github.com/aliftype/qahiri).,1
Quando,OFL-1.1,ofl/quando,Joana Correia,"Copyright (c) 2011-2012, Sorkin Type Co (www.sorkintype.com eben@eyebytes.com) with Reserved Font Name \""Quando\""",1
Quantico,OFL-1.1,ofl/quantico,MADType,"Copyright (c) 2011 Matthew Desmond (http://www.madtype.com | mattdesmond@gmail.com), with Reserved Font Name \""Quantico\""",4
Quattrocento,OFL-1.1,ofl/quattrocento,Impallari Type,"Copyright (c) 2011, Pablo Impallari (www.impallari.com|impallari@gmail.com), Copyright (c) 2011, Igino Marini. (www.ikern.com|mail@iginomarini.com), Copyright (c) 2011, Brenda Gallo. (gbrenda1987@gmail.com), with Reserved Font Name Quattrocento.",2
Quattrocento Sans,OFL-1.1,ofl/quattrocentosans,Impallari Type,"Copyright (c) 2011, Pablo Impallari (www.impallari.com|impallari@gmail.com), Copyright (c) 2011, Igino Marini. (www.ikern.com|mail@iginomarini.com), Copyright (c) 2011, Brenda Gallo. (gbrenda1987@gmail.com), with Reserved Font Name Quattrocento Sans.",4
Questrial,OFL-1.1,ofl/questrial,"Joe Prince, Laura Meseguer",Copyright 2011 The Questrial Project Authors (https://github.com/googlefonts/questrial),1
Quicksand,OFL-1.1,ofl/quicksand,Andrew Paglinawan,"Copyright 2019 The Quicksand Project Authors (https://github.com/andrew-paglinawan/QuicksandFamily.git), with Reserved Font Name \""Quicksand\""",1
Quintessential,OFL-1.1,ofl/quintessential,Astigmatic,"Copyright (c) 2012 by Brian J. Bonislawsky DBA Astigmatic (AOETI) (astigma@astigmatic.com), with Reserved Font Name \'Quintessential\'",1
Qwigley,OFL-1.1,ofl/qwigley,Robert Leuschke,Copyright 2011 The Qwigley Project Authors (https://github.com/googlefonts/qwigley),1
Qwitcher Grypen,OFL-1.1,ofl/qwitchergrypen,Robert Leuschke,Copyright 2007-2021 The Qwitcher Grypen Project Authors (https://github.com/googlefonts/qwitcher-grypen),2
Racing Sans One,OFL-1.1,ofl/racingsansone,Impallari Type,"Copyright (c) 2012, Pablo Impallari (www.impallari.com|impallari@gmail.com) and Rodrigo Fuenzalida (www.rfuenzalida.com), with Reserved Font Name Racing Sans.",1
Radio Canada,OFL-1.1,ofl/radiocanada,"Charles Daoud, Coppers and Brasses, Alexandre Saumier Demers, Jacques Le Bailly",Copyright 2017 The Radio-Canada Project Authors (https://github.com/cbcrc/radiocanadafonts),2
Radio Canada Big,OFL-1.1,ofl/radiocanadabig,Étienne Aubert Bonn,Copyright 2022 The Radio Canada Big Project Authors (https://github.com/googlefonts/radiocanadadisplay),2
Radley,OFL-1.1,ofl/radley,Vernon Adams,Copyright 2011 The Radley Project Authors (https://github.com/googlefonts/RadleyFont),2
Rajdhani,OFL-1.1,ofl/rajdhani,Indian Type Foundry,Copyright (c) 2014 Indian Type Foundry (info@indiantypefoundry.com),5
Rakkas,OFL-1.1,ofl/rakkas,Zeynep Akay,Copyright 2017 The Rakkas Project Authors (https://github.com/zeynepakay/Rakkas),1
Raleway,OFL-1.1,ofl/raleway,"Matt McInerney, Pablo Impallari, Rodrigo Fuenzalida","Copyright 2010 The Raleway Project Authors (impallari@gmail.com), with Reserved Font Name \""Raleway\"".",2
Raleway Dots,OFL-1.1,ofl/ralewaydots,"Matt McInerney, Pablo Impallari, Rodrigo Fuenzalida, Brenda Gallo","Copyright (c) 2010 - 2012, Matt McInerney (matt@pixelspread.com), Pablo Impallari(impallari@gmail.com), Rodrigo Fuenzalida (hello@rfuenzalida.com) and Brenda Gallo(gbrenda1987@gmail.com), with Reserved Font Name \""Raleway\""",1
Ramabhadra,OFL-1.1,ofl/ramabhadra,Purushoth Kumar Guttula,Copyright (c) 2012 Andhra Pradesh Society for Knowledge Networks (fonts.siliconandhra.org). Digitized data copyright (c) 2010-2012 Google Corporation.,1
Ramaraja,OFL-1.1,ofl/ramaraja,Appaji Ambarisha Darbha,"Copyright (c) 2012 Silicon Andhra (fonts.siliconandhra.org). Copyright (c) 2010, Sebastian Kosch (sebastian@aldusleaf.org), with Reserved Font Name \'Crimson\'",1
Rambla,OFL-1.1,ofl/rambla,Martin Sommaruga,"Copyright (c) 2011-2012, Martin Sommaruga (martin@estudiotrama.com), with Reserved Font Name \'Rambla\'",4
Rammetto One,OFL-1.1,ofl/rammettoone,Vernon Adams,"Copyright 2011 The Rammetto Project Authors (https://github.com/googlefonts/RammettoFont), with Reserved Font Name Rammetto.",1
Rampart One,OFL-1.1,ofl/rampartone,Fontworks Inc.,Copyright 2020 The Rampart Project Authors (https://github.com/fontworks-fonts/Rampart/),1
Ramsina,OFL-1.1,ofl/ramsina,SIL International,"Original fonts copyright (c) 1997-2025, Sparksoft Systems, with Reserved Font Names \""Marcus\"" and \""Nohadra\"". Latin glyphs copyright (c) 2018 The Crimson Pro Project Authors (https://github.com/Fonthausen/CrimsonPro). Copyright (c) 2025-2026, SIL Global (https://www.sil.org/), with Reserved Font Names \""Ramsina\"" and \""SIL\"".",1
Ranchers,OFL-1.1,ofl/ranchers,Impallari Type,"Copyright (c) 2012, Pablo Impallari (www.impallari.com|impallari@gmail.com), Brenda Gallo. (gbrenda1987@gmail.com), with Reserved Font Name Ranchers.",1
Ranga,OFL-1.1,ofl/ranga,TipTopTyp,Copyright (c) 2014 by TipTopTyp.,2
Rasa,OFL-1.1,ofl/rasa,"Rosetta, Anna Giedryś, David Březina",Copyright 2015 The Yrsa-Rasa Project Authors (https://github.com/rosettatype/yrsa-rasa/),2
Rationale,OFL-1.1,ofl/rationale,Cyreal,"Copyright (c) 2011, Cyreal (www.cyreal.org a@cyreal.org) with Reserved Font Name \""Rationale\"".",1
Ravi Prakash,OFL-1.1,ofl/raviprakash,Appaji Ambarisha Darbha,"Copyright (c) 2011 Silicon Andhra (fonts.siliconandhra.org). Copyright (c) 2012, Eduardo Tunni (http://www.tipo.net.ar), with Reserved Font Name \'Joti\'",1
Readex Pro,OFL-1.1,ofl/readexpro,"Thomas Jockin, Nadine Chahine, Bonnie Shaver-Troup, Santiago Orozco, Héctor Gómez",Copyright 2019 The Readex Pro Project Authors (https://github.com/ThomasJockin/readexpro),1
Recursive,OFL-1.1,ofl/recursive,"Arrow Type, Stephen Nixon",Copyright 2019 The Recursive Project Authors (github.com/arrowtype/recursive),1
Redacted,OFL-1.1,ofl/redacted,Christian Naths,Copyright 2013 The Redacted Project Authors (https://github.com/christiannaths/redacted-font),1
Redacted Script,OFL-1.1,ofl/redactedscript,Christian Naths,Copyright 2013 The Redacted Project Authors (https://github.com/christiannaths/redacted-font),3
Reddit Mono,OFL-1.1,ofl/redditmono,"Stephen Hutchings, OrangeRed","Copyright (c) 2020-2023, Reddit, Inc. (https://github.com/reddit/redditsans)",1
Reddit Sans,OFL-1.1,ofl/redditsans,"Stephen Hutchings, OrangeRed","Copyright (c) 2020-2023, Reddit, Inc. (https://github.com/reddit/redditsans)",2
Reddit Sans Condensed,OFL-1.1,ofl/redditsanscondensed,"Stephen Hutchings, OrangeRed","Copyright (c) 2020-2023, Reddit, Inc. (https://github.com/reddit/redditsans)",1
Red Hat Display,OFL-1.1,ofl/redhatdisplay,MCKL,Copyright 2024 The Red Hat Project Authors (https://github.com/RedHatOfficial/RedHatFont),2
Red Hat Mono,OFL-1.1,ofl/redhatmono,MCKL,Copyright 2024 The Red Hat Project Authors (https://github.com/RedHatOfficial/RedHatFont),2
Red Hat Text,OFL-1.1,ofl/redhattext,MCKL,Copyright 2024 The Red Hat Project Authors (https://github.com/RedHatOfficial/RedHatFont),2
Red Rose,OFL-1.1,ofl/redrose,Jaikishan Patel,Copyright 2018 The Red Rose Project Authors (https://github.com/magictype/redrose),1
Reem Kufi,OFL-1.1,ofl/reemkufi,"Khaled Hosny, Santiago Orozco",Copyright 2015-2022 The Reem Kufi Project Authors (https://github.com/aliftype/reem-kufi).,1
Reem Kufi Fun,OFL-1.1,ofl/reemkufifun,"Khaled Hosny, Santiago Orozco",Copyright 2015-2022 The Reem Kufi Fun Project Authors (https://github.com/aliftype/reem-kufi).,1
Reem Kufi Ink,OFL-1.1,ofl/reemkufiink,"Khaled Hosny, Santiago Orozco",Copyright 2015-2022 The Reem Kufi Project Authors (https://github.com/aliftype/reem-kufi).,1
Reenie Beanie,OFL-1.1,ofl/reeniebeanie,James Grieshaber,Copyright (c) 2010 Typeco (james@typeco.com). All rights reserved.,1
Reggae One,OFL-1.1,ofl/reggaeone,Fontworks Inc.,"Copyright 2020 The Reggae Project Authors (https://github.com/fontworks-fonts/Reggae/), all rights reserved.",1
REM,OFL-1.1,ofl/rem,Octavio Pardo,Copyright 2019 The REM Project Authors (https://github.com/octaviopardo/REM),2
Rethink Sans,OFL-1.1,ofl/rethinksans,Hans Thiessen,Copyright 2022 The Rethink Sans Project Authors (https://github.com/hans-thiessen/Rethink-Sans),2
Revalia,OFL-1.1,ofl/revalia,"Johan Kallas, Mihkel Virkus","Copyright (c) 2011, Johan Kallas (johankallas@gmail.com), Copyright (c) 2011, Mihkel Virkus (mihkelvirkus@gmail.com), with Reserved Font Name Revalia.",1
Rhodium Libre,OFL-1.1,ofl/rhodiumlibre,James Puckett,"Copyright (c) 2014, Dunwich Type Founders (http://dunwichtype.com). Rhodium is a trademark of Dunwich Type Founders.",1
Ribeye,OFL-1.1,ofl/ribeye,Astigmatic,"Copyright (c) 2011 by Brian J. Bonislawsky DBA Astigmatic (AOETI) (astigma@astigmatic.com), with Reserved Font Name \""Ribeye\""",1
Ribeye Marrow,OFL-1.1,ofl/ribeyemarrow,Astigmatic,"Copyright (c) 2011 by Brian J. Bonislawsky DBA Astigmatic (AOETI) (astigma@astigmatic.com), with Reserved Font Name \""Ribeye Marrow\""",1
Righteous,OFL-1.1,ofl/righteous,Astigmatic,"Copyright (c) 2011 by Brian J. Bonislawsky DBA Astigmatic (AOETI) (astigma@astigmatic.com), with Reserved Font Name \""Righteous\""",1
Risque,OFL-1.1,ofl/risque,Astigmatic,"Copyright (c) 2012 by Brian J. Bonislawsky DBA Astigmatic (AOETI) (astigma@astigmatic.com), with Reserved Font Name \""Risque\""",1
Road Rage,OFL-1.1,ofl/roadrage,Robert Leuschke,Copyright 2010 The Road Rage Project Authors (https://github.com/googlefonts/road-rage),1
Roboto,OFL-1.1,ofl/roboto,"Christian Robertson, ParaType, Font Bureau",Copyright 2011 The Roboto Project Authors (https://github.com/googlefonts/roboto-classic),2
Roboto Condensed,OFL-1.1,ofl/robotocondensed,Christian Robertson,Copyright 2011 Google Inc. All Rights Reserved.,2
Roboto Flex,OFL-1.1,ofl/robotoflex,"Font Bureau, David Berlow, Santiago Orozco, Irene Vlachou, Ilya Ruderman, Yury Ostromentsky, Mikhail Strukov",Copyright 2017 The Roboto Flex Project Authors (https://github.com/googlefonts/roboto-flex),1
Roboto Mono,OFL-1.1,ofl/robotomono,Christian Robertson,Copyright 2015 The Roboto Mono Project Authors (https://github.com/googlefonts/robotomono),2
Roboto Serif,OFL-1.1,ofl/robotoserif,"Commercial Type, Greg Gazdowicz",Copyright 2020 The Roboto Serif Project Authors (https://github.com/googlefonts/RobotoSerif),2
Rock 3D,OFL-1.1,ofl/rock3d,Shibuya Font,"Copyright 2020 The Rock 3D Project Authors (https://github.com/shibuyafont/3d-rock-font), all rights reserved.",1
RocknRoll One,OFL-1.1,ofl/rocknrollone,Fontworks Inc.,Copyright 2020 The RocknRoll Project Authors (https://github.com/fontworks-fonts/RocknRoll),1
Rokkitt,OFL-1.1,ofl/rokkitt,Vernon Adams,Copyright 2016 The Rokkit Project Authors (https://github.com/googlefonts/RokkittFont),2
rokkittvfbeta,OFL-1.1,ofl/rokkittvfbeta,,Copyright 2016 The Rokkit Project Authors (https://github.com/googlefonts/RokkittFont),1
Romanesco,OFL-1.1,ofl/romanesco,Astigmatic,"Copyright (c) 2012 by Brian J. Bonislawsky DBA Astigmatic (AOETI) (astigma@astigmatic.com), with Reserved Font Name \""Romanesco\""",1
Ropa Sans,OFL-1.1,ofl/ropasans,Botjo Nikoltchev,"Copyright 2013 The Ropa Sans Project Authors (nikoltchev@lettersoup.de), with Reserved Font Name \""Ropa Sans\"".",2
Rosario,OFL-1.1,ofl/rosario,Omnibus-Type,Copyright 2019 The Rosario Project Authors (https://github.com/Omnibus-Type/Rosario),2
Rosarivo,OFL-1.1,ofl/rosarivo,Pablo Ugerman,"Copyright (c) 2011, UGR Design (www.ugrdesign.com.ar info@ugrdesign.com.ar), with Reserved Font Names \""Rosarivo\"", \""Rosarivo Pro\"", \""Rosarivo UGR\""",2
Rouge Script,OFL-1.1,ofl/rougescript,Sabrina Mariela Lopez,"Copyright (c) 2011 Typesenses (typesenses@live.com.ar), with Reserved Font Name \""Rouge Script\""",1
roundedmplus1c,OFL-1.1,ofl/roundedmplus1c,,Copyright 2016 The Rounded M+ Project Authors.,7
Rowdies,OFL-1.1,ofl/rowdies,Jaikishan Patel,Copyright 2018 The Rowdies Project Authors (https://github.com/magictype/rowdies),3
Rozha One,OFL-1.1,ofl/rozhaone,Indian Type Foundry,Copyright (c) 2014 Indian Type Foundry (info@indiantypefoundry.com),1
Rubik,OFL-1.1,ofl/rubik,"Hubert and Fischer, Meir Sadan, Cyreal, Daniel Grumer, Omaima Dajani",Copyright 2015 The Rubik Project Authors (https://github.com/googlefonts/rubik),2
Rubik 80s Fade,OFL-1.1,ofl/rubik80sfade,"NaN, Luke Prowse",Copyright 2020 The Rubik Filtered Project Authors (https://github.com/NaN-xyz/Rubik-Filtered),1
Rubik Beastly,OFL-1.1,ofl/rubikbeastly,"NaN, Luke Prowse",Copyright 2020 The Rubik Filtered Project Authors (https://github.com/NaN-xyz/Rubik-Filtered),1
Rubik Broken Fax,OFL-1.1,ofl/rubikbrokenfax,"NaN, Luke Prowse",Copyright 2020 The Rubik Filtered Project Authors (https://github.com/NaN-xyz/Rubik-Filtered),1
Rubik Bubbles,OFL-1.1,ofl/rubikbubbles,"NaN, Luke Prowse",Copyright 2020 The Rubik Filtered Project Authors (https://github.com/NaN-xyz/Rubik-Filtered),1
Rubik Burned,OFL-1.1,ofl/rubikburned,"NaN, Luke Prowse",Copyright 2020 The Rubik Filtered Project Authors (https://github.com/NaN-xyz/Rubik-Filtered),1
Rubik Dirt,OFL-1.1,ofl/rubikdirt,"NaN, Luke Prowse",Copyright 2020 The Rubik Filtered Project Authors (https://github.com/NaN-xyz/Rubik-Filtered),1
Rubik Distressed,OFL-1.1,ofl/rubikdistressed,"NaN, Luke Prowse",Copyright 2020 The Rubik Filtered Project Authors (https://github.com/NaN-xyz/Rubik-Filtered),1
Rubik Doodle Shadow,OFL-1.1,ofl/rubikdoodleshadow,"NaN, Luke Prowse",Copyright 2020 The Rubik Filtered Project Authors (https://github.com/NaN-xyz/Rubik-Filtered),1
Rubik Doodle Triangles,OFL-1.1,ofl/rubikdoodletriangles,"NaN, Luke Prowse",Copyright 2020 The Rubik Filtered Project Authors (https://github.com/NaN-xyz/Rubik-Filtered),1
Rubik Gemstones,OFL-1.1,ofl/rubikgemstones,"NaN, Luke Prowse",Copyright 2020 The Rubik Filtered Project Authors (https://github.com/NaN-xyz/Rubik-Filtered),1
Rubik Glitch,OFL-1.1,ofl/rubikglitch,"NaN, Luke Prowse",Copyright 2020 The Rubik Filtered Project Authors (https://github.com/NaN-xyz/Rubik-Filtered),1
Rubik Glitch Pop,OFL-1.1,ofl/rubikglitchpop,"NaN, Luke Prowse",Copyright 2020 The Rubik Filtered Project Authors (https://github.com/NaN-xyz/Rubik-Filtered),1
Rubik Iso,OFL-1.1,ofl/rubikiso,"NaN, Luke Prowse",Copyright 2020 The Rubik Filtered Project Authors (https://github.com/NaN-xyz/Rubik-Filtered),1
Rubik Lines,OFL-1.1,ofl/rubiklines,"NaN, Luke Prowse",Copyright 2020 The Rubik Filtered Project Authors (https://github.com/NaN-xyz/Rubik-Filtered),1
Rubik Maps,OFL-1.1,ofl/rubikmaps,"NaN, Luke Prowse",Copyright 2020 The Rubik Filtered Project Authors (https://github.com/NaN-xyz/Rubik-Filtered),1
Rubik Marker Hatch,OFL-1.1,ofl/rubikmarkerhatch,"NaN, Luke Prowse",Copyright 2020 The Rubik Filtered Project Authors (https://github.com/NaN-xyz/Rubik-Filtered),1
Rubik Maze,OFL-1.1,ofl/rubikmaze,"NaN, Luke Prowse",Copyright 2020 The Rubik Filtered Project Authors (https://github.com/NaN-xyz/Rubik-Filtered),1
Rubik Microbe,OFL-1.1,ofl/rubikmicrobe,"NaN, Luke Prowse",Copyright 2020 The Rubik Filtered Project Authors (https://github.com/NaN-xyz/Rubik-Filtered),1
Rubik Mono One,OFL-1.1,ofl/rubikmonoone,Hubert and Fischer,Copyright 2015 The Rubik Project Authors (mail@hubertfischer.com),1
Rubik Moonrocks,OFL-1.1,ofl/rubikmoonrocks,"NaN, Luke Prowse",Copyright 2020 The Rubik Filtered Project Authors (https://github.com/NaN-xyz/Rubik-Filtered),1
Rubik One,OFL-1.1,ofl/rubikone,Hubert and Fischer,"Copyright (c) 2013, 2014, Hubert and Fischer, Philipp Hubert (philipp@hubertfischer.com), Sebastian Fischer (sebastian@hubertfischer.com)",1
Rubik Pixels,OFL-1.1,ofl/rubikpixels,"NaN, Luke Prowse",Copyright 2020 The Rubik Filtered Project Authors (https://github.com/NaN-xyz/Rubik-Filtered),1
Rubik Puddles,OFL-1.1,ofl/rubikpuddles,"NaN, Luke Prowse",Copyright 2020 The Rubik Filtered Project Authors (https://github.com/NaN-xyz/Rubik-Filtered),1
Rubik Scribble,OFL-1.1,ofl/rubikscribble,"NaN, Luke Prowse",Copyright 2020 The Rubik Filtered Project Authors (https://github.com/NaN-xyz/Rubik-Filtered),1
Rubik Spray Paint,OFL-1.1,ofl/rubikspraypaint,"NaN, Luke Prowse",Copyright 2020 The Rubik Filtered Project Authors (https://github.com/NaN-xyz/Rubik-Filtered),1
Rubik Storm,OFL-1.1,ofl/rubikstorm,"NaN, Luke Prowse",Copyright 2020 The Rubik Filtered Project Authors (https://github.com/NaN-xyz/Rubik-Filtered),1
Rubik Vinyl,OFL-1.1,ofl/rubikvinyl,"NaN, Luke Prowse",Copyright 2020 The Rubik Filtered Project Authors (https://github.com/NaN-xyz/Rubik-Filtered),1
Rubik Wet Paint,OFL-1.1,ofl/rubikwetpaint,"NaN, Luke Prowse",Copyright 2020 The Rubik Filtered Project Authors (https://github.com/NaN-xyz/Rubik-Filtered),1
Ruda,OFL-1.1,ofl/ruda,"Mariela Monsalve, Angelina Sanchez",Copyright 2019 The Ruda Project Authors (https://github.com/marmonsalve/Ruda-new),1
Rufina,OFL-1.1,ofl/rufina,Martin Sommaruga,"Copyright (c) 2011-2012, Martin Sommaruga (martin@estudiotrama.com), with Reserved Font Name \'Rufina\'",2
Ruge Boogie,OFL-1.1,ofl/rugeboogie,Robert Leuschke,Copyright 2015 The Ruge Boogie Project Authors (https://github.com/googlefonts/ruge-boogie),1
Ruluko,OFL-1.1,ofl/ruluko,"Ana Sanfelippo, Angélica Díaz, Meme Hernández","Copyright (c) 2011, Ana Sanfelippo, Angelica Diaz y Meme Hernandez (anasanfe@gmail.com - angiecina@gmail.com), with Reserved Font Name \""Ruluko\""",1
Rum Raisin,OFL-1.1,ofl/rumraisin,Astigmatic,"Copyright (c) 2012 by Brian J. Bonislawsky DBA Astigmatic (AOETI) (astigma@astigmatic.com), with Reserved Font Name \'Rum Raisin\'",1
Ruslan Display,OFL-1.1,ofl/ruslandisplay,"Oleg Snarsky, Denis Masharov, Vladimir Rabdu","Copyright 2011 Oleg Snarsky, Denis Masharov, Vladimir Rabdu.",1
Russo One,OFL-1.1,ofl/russoone,Jovanny Lemonad,"Copyright (c) 2011-2012, Jovanny Lemonad (lemonad@jovanny.ru), with Reserved Font Name \""Russo\""",1
Ruthie,OFL-1.1,ofl/ruthie,Robert Leuschke,Copyright 2014 The Ruthie Project Authors (https://github.com/googlefonts/ruthie),1
Ruwudu,OFL-1.1,ofl/ruwudu,SIL International,"Copyright (c) SIL International, 2015-2023",4
Rye,OFL-1.1,ofl/rye,Nicole Fally,"Copyright (c) 2012, Sorkin Type Co (eben@eyebytes.com) with Reserved Font Name \'Rye\'",1
Sacramento,OFL-1.1,ofl/sacramento,Astigmatic,"Copyright (c) 2012 by Brian J. Bonislawsky DBA Astigmatic (AOETI) (astigma@astigmatic.com), with Reserved Font Name \'Sacramento\'",1
Sahitya,OFL-1.1,ofl/sahitya,Juan Pablo del Peral,Copyright (c) 2015 by Juan Pablo del Peral (http://www.htfonts.com). All rights reserved.,2
Sail,OFL-1.1,ofl/sail,Miguel Hernandez,"Copyright (c) 2011 by LatinoType Limitada (luciano@latinotype.com), with Reserved Font Names \""Sail\""",1
Saira,OFL-1.1,ofl/saira,Omnibus-Type,Copyright 2020 The Saira Project Authors (https://github.com/Omnibus-Type/Saira),2
Saira Condensed,OFL-1.1,ofl/sairacondensed,Omnibus-Type,"Copyright 2016 The Saira Project Authors (omnibus.type@gmail.com), with reserved font name \""Saira\"".",9
Saira Extra Condensed,OFL-1.1,ofl/sairaextracondensed,Omnibus-Type,"Copyright 2016 The Saira Project Authors (omnibus.type@gmail.com), with reserved font name \""Saira\"".",9
Saira Semi Condensed,OFL-1.1,ofl/sairasemicondensed,Omnibus-Type,"Copyright 2016 The Saira Project Authors (omnibus.type@gmail.com), with reserved font name \""Saira\"".",9
Saira Stencil,OFL-1.1,ofl/sairastencil,"Hector Gatti, Omnibus-Type",Copyright 2020 The Saira Project Authors (https://github.com/Omnibus-Type/Saira),2
Saira Stencil One,OFL-1.1,ofl/sairastencilone,"Hector Gatti, Omnibus-Type",Copyright 2019 The Saira Stencil Project Authors (https://github.com/Omnibus-Type/Saira),1
Salsa,OFL-1.1,ofl/salsa,John Vargas Beltrán,"Copyright (c) 2011 by John Vargas Beltrn (john.vargasbeltran@gmail.com), with Reserved Font Name Salsa.",1
Sanchez,OFL-1.1,ofl/sanchez,Daniel Hernandez,"Copyright (c) 2012, LatinoType (luciano@latinotype.com), with Reserved Font Names \'Sanchez\'",2
Sancreek,OFL-1.1,ofl/sancreek,Vernon Adams,Copyright 2011 The Sancreek Project Authors (https://github.com/googlefonts/sancreek),1
Sankofa Display,OFL-1.1,ofl/sankofadisplay,Batsirai Madzonga,Copyright 2024 The Sankofa Display Project Authors (https://github.com/batsimadz/Sankofa-Display),1
Sansation,OFL-1.1,ofl/sansation,Bernd Montag,"Copyright (c) 2011 by Bernd Montag (berndmontag@gmx.de), with Reserved Font Name \'Sansation\'",6
Sansita,OFL-1.1,ofl/sansita,Omnibus-Type,Copyright 2016 The Sansita Project Authors (omnibus.type@gmail.com),8
Sansita One,OFL-1.1,ofl/sansitaone,Omnibus-Type,"Copyright (c) 2011 by Omnibus-Type (www.omnibus-type.com omnibus.type@gmail.com), with Reserved Font Name \""Sansita One\"".",1
Sansita Swashed,OFL-1.1,ofl/sansitaswashed,Omnibus-Type,Copyright 2020 The Sansita Swashed Project Authors (https://github.com/Omnibus-Type/Sansita-Swashed),1
Sarabun,OFL-1.1,ofl/sarabun,Suppakit Chalermlarp,Copyright 2018 The Sarabun Project Authors (https://github.com/cadsondemak/Sarabun),16
Sarala,OFL-1.1,ofl/sarala,"HT Fonts, Andres Torresi",Copyright 2015 by Andres Torresi. All rights reserved.,2
Sarina,OFL-1.1,ofl/sarina,James Grieshaber,"Copyright (c) 2011, Sorkin Type Co (www.sorkintype.com eben@eyebytes.com) with Reserved Font Name \""Sarina\"".",1
Sarpanch,OFL-1.1,ofl/sarpanch,Indian Type Foundry,Copyright (c) 2014 Indian Type Foundry (info@indiantypefoundry.com),6
Sassy Frass,OFL-1.1,ofl/sassyfrass,Robert Leuschke,Copyright 2008 The Sassy Frass Project Authors (https://github.com/googlefonts/sassy-frass),1
Savate,OFL-1.1,ofl/savate,"Plomb Type, Max Esnée",Copyright 2024 The Savate Project Authors (https://github.com/maxesnee/savate),2
Sawarabi Gothic,OFL-1.1,ofl/sawarabigothic,mshio,Copyright 2016 The Sawarabi Gothic Project Authors.,1
Sawarabi Mincho,OFL-1.1,ofl/sawarabimincho,mshio,Copyright 2024 The Sawarabi Mincho Project Authors (https://github.com/googlefonts/sawarabi-mincho),1
Scada,OFL-1.1,ofl/scada,Jovanny Lemonad,Copyright 2012 The Scada Project Authors (lemonad@jovanny.ru),4
Scheherazade New,OFL-1.1,ofl/scheherazadenew,SIL International,"Copyright (c) 1994-2026, SIL Global (https://www.sil.org/), with Reserved Font Names \""Scheherazade\"" and \""SIL\"".\n\nThis Font Software is licensed under the SIL Open Font License, Version 1.1.",4
Schibsted Grotesk,OFL-1.1,ofl/schibstedgrotesk,"Bakken & Bæck, Henrik Kongsvoll",Copyright 2023 The Schibsted-Grotesk Project Authors (https://github.com/schibsted/schibsted-grotesk),2
Science Gothic,OFL-1.1,ofl/sciencegothic,"Thomas Phinney, Vassil Kateliev, Brandon Buerkle",Copyright © 2025 The Science Gothic Project Authors (https://github.com/googlefonts/science-gothic/blob/main/AUTHORS.txt),1
Scope One,OFL-1.1,ofl/scopeone,Dalton Maag,Copyright 2015 Dalton Maag Ltd (info@daltonmaag.com),1
Scoutie Sans,OFL-1.1,ofl/scoutiesans,Tyler Finck,Copyright 2026 The Scoutie Sans Project Authors (https://github.com/sursly/scoutie),2
Seaweed Script,OFL-1.1,ofl/seaweedscript,Neapolitan,"Copyright (c) 2012 by Font Diner, Inc DBA Neapolitan (diner@fontdiner.com) with Reseved Font Name \""Seaweed Script\""",1
Secular One,OFL-1.1,ofl/secularone,Michal Sahar,Copyright 2016 The Secular One Project Authors (https://github.com/googlefonts/secular),1
Sedan,OFL-1.1,ofl/sedan,Sebastián Salazar,Copyright 2023 The Sedan Project Authors (https://github.com/googlefonts/sedan),2
Sedan SC,OFL-1.1,ofl/sedansc,Sebastián Salazar,Copyright 2023 The Sedan SC Project Authors (https://github.com/googlefonts/sedan),1
Sedgwick Ave,OFL-1.1,ofl/sedgwickave,"Pedro Vergani, Kevin Burke",Copyright 2017 The Sedgwick Ave Project Authors (https://github.com/googlefonts/sedgwickave),1
Sedgwick Ave Display,OFL-1.1,ofl/sedgwickavedisplay,"Pedro Vergani, Kevin Burke",Copyright 2017 The Sedgwick Ave Project Authors (https://github.com/googlefonts/sedgwickave),1
Sekuya,OFL-1.1,ofl/sekuya,SEKUYA,Copyright 2025 The Sekuya Project Authors (https://github.com/kevinnseptian/SEKUYA),1
Sen,OFL-1.1,ofl/sen,Kosal Sen,Copyright 2023 The Sen Project Authors (https://github.com/philatype/Sen/),1
Send Flowers,OFL-1.1,ofl/sendflowers,Robert Leuschke,Copyright 1998-2021 The Send Flowers Project Authors (https://github.com/googlefonts/send-flowers),1
Sevillana,OFL-1.1,ofl/sevillana,Brownfox,"Copyright (c) 2011, Brownfox (gayaneh.b@gmail.com), with Reserved Font Names \""Sevillana\""",1
Seymour One,OFL-1.1,ofl/seymourone,Vernon Adams,Copyright 2011 The Seymour One Project Authors (https://github.com/googlefonts/seymourFont),1
Shadows Into Light,OFL-1.1,ofl/shadowsintolight,Kimberly Geswein,"Copyright (c) 2010, Kimberly Geswein (kimberlygeswein.com kimberlygeswein@gmail.com)",1
Shadows Into Light Two,OFL-1.1,ofl/shadowsintolighttwo,Kimberly Geswein,"Copyright (c) 2012, Kimberly Geswein (kimberlygeswein@gmail.com).",1
Shafarik,OFL-1.1,ofl/shafarik,Aleksandr Andreev,Copyright 2025 The Shafarik Project Authors (https://github.com/slavonic/Shafarik.git),1
Shalimar,OFL-1.1,ofl/shalimar,Robert Leuschke,Copyright 2004-2021 The Shalimar Project Authors (https://github.com/googlefonts/shalimar),1
Shantell Sans,OFL-1.1,ofl/shantellsans,"Shantell Martin, Arrow Type, Anya Danilova",Copyright 2022 The Shantell Sans Project Authors (https://github.com/arrowtype/shantell-sans),2
Shanti,OFL-1.1,ofl/shanti,Vernon Adams,Copyright 2011 The Shanti Project Authors (https://github.com/googlefonts/ShantiFont),1
Share,OFL-1.1,ofl/share,Carrois Apostrophe,"Copyright (c) 2005-2011, Carrois Type Design (carrois.com), with Reserved Font Name \""Share\""",4
Share Tech,OFL-1.1,ofl/sharetech,Carrois Apostrophe,"Copyright 2012 The Share Tech Project Authors (post@carrois.com), with Reserved Font Name \'Share.",1
Share Tech Mono,OFL-1.1,ofl/sharetechmono,Carrois Apostrophe,"Copyright (c) 2012, Carrois Type Design, Ralph du Carrois (www.carrois.com post@carrois.com), with Reserved Font Name \'Share\'",1
Shippori Antique,OFL-1.1,ofl/shipporiantique,FONTDASU,Copyright 2020 The Shippori Antique Project Authors (https://github.com/fontdasu/ShipporiAntique),1
Shippori Antique B1,OFL-1.1,ofl/shipporiantiqueb1,FONTDASU,Copyright 2020 The Shippori Antique Project Authors (https://github.com/fontdasu/ShipporiAntique),1
Shippori Mincho,OFL-1.1,ofl/shipporimincho,FONTDASU,Copyright 2021 The Shippori Mincho Project Authors (https://github.com/fontdasu/ShipporiMincho),5
Shippori Mincho B1,OFL-1.1,ofl/shipporiminchob1,FONTDASU,Copyright 2021 The Shippori Mincho Project Authors (https://github.com/fontdasu/ShipporiMincho),5
Shizuru,OFL-1.1,ofl/shizuru,Shibuya Font,"Copyright 2020 The Shizuru Project Authors (https://github.com/shibuyafont/shizuru-font), all rights reserved.",1
Shojumaru,OFL-1.1,ofl/shojumaru,Astigmatic,"Copyright (c) 2012 by Brian J. Bonislawsky DBA Astigmatic (AOETI) (astigma@astigmatic.com), with Reserved Font Name \""Shojumaru\""",1
Short Stack,OFL-1.1,ofl/shortstack,James Grieshaber,"Copyright (c) 2011, Sorkin Type Co (www.sorkintype.com eben@eyebytes.com) with Reserved Font Names \""Short Stack\"" and \""Short Stack One\"".",1
Shrikhand,OFL-1.1,ofl/shrikhand,Jonny Pinhorn,Copyright (c) 2015 Jonny Pinhorn (jonpinhorn.typedesign@gmail.com),1
Siemreap,OFL-1.1,ofl/siemreap,Danh Hong,"Copyright (c) 2010, Danh Hong (khmertype.blogspot.com danhhong@gmail.com), with Reserved Font Name Khmer OS Siemreap. This Font Software is licensed under the SIL Open Font License, Version 1.1. This license is available with a FAQ at: http://scripts.sil.org/OFL",1
Sigmar,OFL-1.1,ofl/sigmar,Vernon Adams,Copyright 2011 The Sigmar One Project Authors (https://github.com/googlefonts/sigmarone),1
Sigmar One,OFL-1.1,ofl/sigmarone,Vernon Adams,Copyright 2011 The Sigmar One Project Authors (contact@sansoxygen.com),1
Signika,OFL-1.1,ofl/signika,Anna Giedryś,Copyright 2018 The Signika Project Authors (https://github.com/googlefonts/Signika).,1
Signika Negative,OFL-1.1,ofl/signikanegative,Anna Giedryś,Copyright 2018 The Signika Project Authors (https://github.com/googlefonts/Signika).,1
Signika Negative SC,OFL-1.1,ofl/signikanegativesc,Anna Giedryś,"Copyright (c) 2011 by Anna Giedrys (info@ancymonic.com), with Reserved Font Names \""Signika\"".",4
Signika SC,OFL-1.1,ofl/signikasc,Anna Giedryś,Copyright 2018 The Signika Project Authors (https://github.com/googlefonts/Signika).,1
Silkscreen,OFL-1.1,ofl/silkscreen,Jason Kottke,Copyright 2001 The Silkscreen Project Authors (https://github.com/googlefonts/silkscreen),2
Simonetta,OFL-1.1,ofl/simonetta,Brownfox,"Copyright (c) 2011-2012, Brownfox (www.brownfox.org gayaneh.b@gmail.com), with Reserved Font Name \""Simonetta\""",4
Single Day,OFL-1.1,ofl/singleday,DXKorea Inc,Copyright 2015 DXKorea Inc. All rights reserved.,1
Sintony,OFL-1.1,ofl/sintony,Eduardo Rodriguez Tunni,"Copyright (c) 2013, Eduardo Tunni (http://www.tipo.net.ar edu@tipo.net.ar), with Reserved Font Name \'Sintony\'",2
Sirin Stencil,OFL-1.1,ofl/sirinstencil,Cyreal,"Copyright (c) 2011, Cyreal (www.cyreal.org a@cyreal.org) with Reserved Font Name \""Sirin\"" and \""Sirin Stencil\"". This Font Software is licensed under the SIL Open Font License, Version 1.1. This license is available with a FAQ at: http://scripts.sil.org/OFL",1
Sirivennela,OFL-1.1,ofl/sirivennela,Appaji Ambarisha Darbha,Copyright 2021 The Sirivennela Font Project Authors (https://github.com/appajid/Sirivennela),1
Sitara,OFL-1.1,ofl/sitara,Neelakash Kshetrimayum,"Copyright (c) 2014, Neelakash Kshetrimayum (github.com/Neelakash/sitara). Copyright 2013, Google Corporation.",4
Six Caps,OFL-1.1,ofl/sixcaps,Vernon Adams,Copyright (c) 2010 by vernon adams (vern@newtypography.co.uk) with Reserved Font Names \'Six Caps\'. All rights reserved.,1
Sixtyfour,OFL-1.1,ofl/sixtyfour,Jens Kutílek,Copyright 2021 The Sixtyfour Project Authors (https://github.com/jenskutilek/homecomputer-fonts),1
Sixtyfour Convergence,OFL-1.1,ofl/sixtyfourconvergence,"Simon Cozens, Jens Kutílek",Copyright 2021 The Sixtyfour Convergence Project Authors (https://github.com/jenskutilek/homecomputer-fonts),1
Skranji,OFL-1.1,ofl/skranji,Neapolitan,"Copyright (c) 2012 by Font Diner, Inc DBA Neapolitan (diner@fontdiner.com) with Reseved Font Name \""Skranji\""",2
Slabo 13px,OFL-1.1,ofl/slabo13px,John Hudson,"Copyright (c) 2013, Tiro Typeworks Ltd (www.tiro.com).",1
Slabo 27px,OFL-1.1,ofl/slabo27px,John Hudson,"Copyright (c) 2013, Tiro Typeworks Ltd (www.tiro.com).",1
Slackside One,OFL-1.1,ofl/slacksideone,Maniackers Design,"Copyright 2020 The Slackside One Project Authors (https://github.com/ManiackersDesign/slackside), all rights reserved.",1
Smooch,OFL-1.1,ofl/smooch,Robert Leuschke,Copyright 2017 The Smooch Project Authors (https://github.com/googlefonts/smooch),1
Smooch Sans,OFL-1.1,ofl/smoochsans,Robert Leuschke,Copyright 2016 The Smooch Sans Project Authors (https://github.com/googlefonts/smooch-sans),1
Smythe,OFL-1.1,ofl/smythe,Vernon Adams,Copyright (c) 2011 by Vernon Adams (vern@newtypography.co.uk) with Reserved Font Names \'Smythe\'. All rights reserved.,1
Sniglet,OFL-1.1,ofl/sniglet,Multiple Designers,"Copyright (c) 2008, Haley Fiege (haley@kingdomofawesome.com), Copyright (c) 2012, Brenda Gallo (gbrenda1987@gmail.com) Copyright (c) 2013, Pablo Impallari (www.impallari.com|impallari@gmail.com), with no Reserved Font Name.",2
Snippet,OFL-1.1,ofl/snippet,Gesine Todt,"Copyright (c) 2011 Gesine Todt (www.gesine-todt.de hallo@gesine-todt.de), with Reserved Font Name \""Snippet\"". This Font Software is licensed under the SIL Open Font License, Version 1.1. This license is available with a FAQ at: http://scripts.sil.org/OFL",1
Snowburst One,OFL-1.1,ofl/snowburstone,Annet Stirling,"Copyright (c) 2011-2012, Sorkin Type Co (www.sorkintype.com eben@eyebytes.com) with Reserved Font Name \'Snowburst\'",1
SN Pro,OFL-1.1,ofl/snpro,"Tobias Whetton, Supernotes",Copyright 2024 The SN Pro Project Authors (https://github.com/supernotes/sn-pro),2
Sofadi One,OFL-1.1,ofl/sofadione,Botjo Nikoltchev,"Copyright (c) 2011 by Botjo Nikoltchev, with Reserved Font Name \'Sofadi One\'",1
Sofia,OFL-1.1,ofl/sofia,LatinoType,"Copyright (c) 2011 by LatinoType Limitada (info@latinotype.com), with Reserved Font Names \""Sofia\""",1
Sofia Sans,OFL-1.1,ofl/sofiasans,"Lettersoup, Botio Nikoltchev, Ani Petrova",Copyright 2019 The Sofia Sans Project Authors (https://github.com/lettersoup/Sofia-Sans),2
Sofia Sans Condensed,OFL-1.1,ofl/sofiasanscondensed,"Lettersoup, Botio Nikoltchev, Ani Petrova",Copyright 2019 The Sofia Sans Project Authors (https://github.com/lettersoup/Sofia-Sans),2
Sofia Sans Extra Condensed,OFL-1.1,ofl/sofiasansextracondensed,"Lettersoup, Botio Nikoltchev, Ani Petrova",Copyright 2019 The Sofia Sans Project Authors (https://github.com/lettersoup/Sofia-Sans),2
Sofia Sans Semi Condensed,OFL-1.1,ofl/sofiasanssemicondensed,"Lettersoup, Botio Nikoltchev, Ani Petrova",Copyright 2019 The Sofia Sans Project Authors (https://github.com/lettersoup/Sofia-Sans),2
Solitreo,OFL-1.1,ofl/solitreo,"Nathan Gross, Bryan Kirschen",Copyright 2019 The Solitreo Project Authors (https://github.com/ladinoprojects/solitreo),1
Solway,OFL-1.1,ofl/solway,"Mariya Lish, The Northern Block",Copyright 2018 The Solway Project Authors (https://github.com/mashavp/Solway),5
Sometype Mono,OFL-1.1,ofl/sometypemono,Ryoichi Tsunekawa,Copyright 2018 The Sometype Mono Project Authors (https://github.com/googlefonts/sometype-mono),2
Song Myung,OFL-1.1,ofl/songmyung,JIKJI,Copyright 2018 The Song Myung Project Authors,1
Sono,OFL-1.1,ofl/sono,Tyler Finck,Copyright 2020 The Sono Project Authors (https://github.com/sursly/sono),1
Sonsie One,OFL-1.1,ofl/sonsieone,Riccardo De Franceschi,"Copyright (c) 2011, Sorkin Type Co (www.sorkintype.com eben@eyebytes.com) with Reserved Font Name \""Sonsie One\"".",1
Sora,OFL-1.1,ofl/sora,"Jonathan Barnbrook, Julián Moncada",Copyright 2019 The Sora Project Authors (https://github.com/sora-xor/sora-font),1
Sorts Mill Goudy,OFL-1.1,ofl/sortsmillgoudy,Barry Schwartz,"Copyright (c) 2010, Barry Schwartz (chemoelectric@chemoelectric.org)",2
souliyo,OFL-1.1,ofl/souliyo,,"Copyright (c) 2011-2012, Souliyo Vongdala (souliyo@gmail.com), with Reserved Font Name ""Souliyo""",1
Source Code Pro,OFL-1.1,ofl/sourcecodepro,Paul D. Hunt,"© 2010 - 2020 Adobe Systems Incorporated (http://www.adobe.com/), with Reserved Font Name ‘Source’.",2
Source Sans 3,OFL-1.1,ofl/sourcesans3,Paul D. Hunt,"© 2023 Adobe (http://www.adobe.com/), with Reserved Font Name ‘Source’",2
Source Serif 4,OFL-1.1,ofl/sourceserif4,Frank Grießhammer,"© 2014 - 2021 Adobe Systems Incorporated (http://www.adobe.com/), with Reserved Font Name ‘Source’.",2
Sour Gummy,OFL-1.1,ofl/sourgummy,Stefie Justprince,Copyright 2018 The Sour Gummy Project Authors (https://github.com/eifetx/Sour-Gummy-Fonts),2
Space Grotesk,OFL-1.1,ofl/spacegrotesk,Florian Karsten,Copyright 2020 The Space Grotesk Project Authors (https://github.com/floriankarsten/space-grotesk),1
Space Mono,OFL-1.1,ofl/spacemono,Colophon Foundry,Copyright 2016 The Space Mono Project Authors (https://github.com/googlefonts/spacemono),4
Special Gothic,OFL-1.1,ofl/specialgothic,Alistair McCready,Copyright 2023 The Special Gothic Project Authors (https://github.com/AlistairMcCready/Special-Gothic/),1
Special Gothic Condensed One,OFL-1.1,ofl/specialgothiccondensedone,Alistair McCready,Copyright 2022 The Special-Gothic Project Authors (https://github.com/AlistairMcCready/Special-Gothic),1
Special Gothic Expanded One,OFL-1.1,ofl/specialgothicexpandedone,Alistair McCready,Copyright 2022 The Special-Gothic Project Authors (https://github.com/AlistairMcCready/Special-Gothic),1
Spectral,OFL-1.1,ofl/spectral,Production Type,Copyright 2017 The Spectral Project Authors (https://github.com/productiontype/Spectral),14
Spectral SC,OFL-1.1,ofl/spectralsc,Production Type,Copyright 2017 The Spectral Project Authors (https://github.com/productiontype/Spectral),14
Spicy Rice,OFL-1.1,ofl/spicyrice,Astigmatic,"Copyright (c) 2011 by Brian J. Bonislawsky DBA Astigmatic (AOETI) (astigma@astigmatic.com), with Reserved Font Name \""Spicy Rice\""",1
Spinnaker,OFL-1.1,ofl/spinnaker,Elena Albertoni,"Copyright (c) 2011, Sorkin Type Co (www.sorkintype.com eben@eyebytes.com) with Reserved Font Name \""Spinnaker\"".",1
Spirax,OFL-1.1,ofl/spirax,Brenda Gallo,"Copyright (c) 2011 by Brenda Gallo (gbrenda1987@gmail.com), with Reserved Font Name Spirax.",1
Splash,OFL-1.1,ofl/splash,Robert Leuschke,Copyright 2017-2021 The Splash Project Authors (https://github.com/googlefonts/splash),1
Spline Sans,OFL-1.1,ofl/splinesans,"Eben Sorkin, Mirko Velimirović",Copyright 2021 The Spline Sans Project Authors (https://github.com/SorkinType/SplineSans),1
Spline Sans Mono,OFL-1.1,ofl/splinesansmono,"Eben Sorkin, Mirko Velimirović",Copyright 2022 The Spline Sans Mono Project Authors (https://github.com/SorkinType/SplineSansMono),2
Squada One,OFL-1.1,ofl/squadaone,Joe Prince,"Copyright (c) 2011, Admix Designs (http://www.admixdesigns.com joe@admixdesigns.com) with Reserved Font Name Squada.",1
Square Peg,OFL-1.1,ofl/squarepeg,Robert Leuschke,Copyright 1995-2021 The Square Peg Project Authors (https://github.com/googlefonts/square-peg),1
Sree Krushnadevaraya,OFL-1.1,ofl/sreekrushnadevaraya,Purushoth Kumar Guttula,"Copyright (c) 2012 Andhrapradesh Society for Knowledge Networks (fonts.siliconandhra.org). Copyright (c) 2011-2012, Sorkin Type Co (www.sorkintype.com) with Reserved Font Name \'Cantata\'",1
Sriracha,OFL-1.1,ofl/sriracha,Cadson Demak,"Copyright (c) 2015, Cadson Demak (info@cadsondemak.com), Copyright (c) 2014, Pablo Impallari (www.impallari.com|impallari@gmail.com)",1
Srisakdi,OFL-1.1,ofl/srisakdi,Cadson Demak,Copyright 2018 The Srisakdi Project Authors (https://github.com/cadsondemak/Srisakdi),2
Staatliches,OFL-1.1,ofl/staatliches,"Brian LaRossa, Erica Carras",Copyright 2018 The Staatliches Project Authors (https://github.com/googlefonts/staatliches),1
Stack Sans Headline,OFL-1.1,ofl/stacksansheadline,Koto,Copyright 2025 The Stack Sans Project Authors (https://github.com/DylanYoungKoto/Stack-Sans),1
Stack Sans Notch,OFL-1.1,ofl/stacksansnotch,Koto,Copyright 2025 The Stack Sans Project Authors (https://github.com/DylanYoungKoto/Stack-Sans),1
Stack Sans Text,OFL-1.1,ofl/stacksanstext,Koto,Copyright 2025 The Stack Sans Project Authors (https://github.com/DylanYoungKoto/Stack-Sans),1
Stalemate,OFL-1.1,ofl/stalemate,Astigmatic,"Copyright (c) 2012 by Jim Lyles for Astigmatic (AOETI) (astigma@astigmatic.com), with Reserved Font Name \'Stalemate\'",1
Stalinist One,OFL-1.1,ofl/stalinistone,"Alexey Maslov, Jovanny Lemonad","Copyright (c) 2009-2011, Alexey Maslov, Jovanny Lemonad (lemonad@jovanny.ru), with Reserved Font Name \'Stalinist\'",1
Stardos Stencil,OFL-1.1,ofl/stardosstencil,Vernon Adams,"Copyright (c) 2011, Vernon Adams (vern@newtypography.co.uk) with Reserved Font Names \'Stardos\'. All rights reserved.",2
Stick,OFL-1.1,ofl/stick,Fontworks Inc.,Copyright 2020 The Stick Project Authors (https://github.com/fontworks-fonts/Stick/),1
Stick No Bills,OFL-1.1,ofl/sticknobills,Mooniak,Copyright 2021 The Stick No Bills Project Authors (https://github.com/mooniak/stick-no-bills-font),1
Stint Ultra Condensed,OFL-1.1,ofl/stintultracondensed,Astigmatic,"Copyright (c) 2011 by Brian J. Bonislawsky DBA Astigmatic (AOETI) (astigma@astigmatic.com), with Reserved Font Name \""Stint Ultra Condensed\""",1
Stint Ultra Expanded,OFL-1.1,ofl/stintultraexpanded,Astigmatic,"Copyright (c) 2012 by Brian J. Bonislawsky DBA Astigmatic (AOETI) (astigma@astigmatic.com), with Reserved Font Name \""Stint Ultra Expanded\""",1
STIX Two Math,OFL-1.1,ofl/stixtwomath,"Tiro Typeworks, Ross Mills, John Hudson, Paul Hanslow",Copyright 2001-2021 The STIX Fonts Project Authors (https://github.com/stipub/stixfonts),1
STIX Two Text,OFL-1.1,ofl/stixtwotext,"Tiro Typeworks, Ross Mills, John Hudson, Paul Hanslow",Copyright 2001-2021 The STIX Fonts Project Authors (https://github.com/stipub/stixfonts),2
Stoke,OFL-1.1,ofl/stoke,Nicole Fally,"Copyright (c) 2012, Sorkin Type Co (www.sorkintype.com eben@eyebytes.com), with Reserved Font Name \'Stoke\'",2
Story Script,OFL-1.1,ofl/storyscript,"Lana Roulhac, Ben Buysse",Copyright 2022 The Story Script Project Authors (https://github.com/lroulh/story-script),1
Strait,OFL-1.1,ofl/strait,Eduardo Tunni,"Copyright 2012 The Strait Project Authors (https://github.com/etunni/strait), with Reserved Font Name \'Strait\'",1
Strichpunkt Sans,OFL-1.1,ofl/strichpunktsans,René Bieder,Copyright 2026 The Strichpunkt Sans Project Authors (https://github.com/strichpunkt-design/Strichpunkt_Sans),1
Strong,OFL-1.1,ofl/strong,Gaslight,"Copyright (c) 2011, Cyreal (www.cyreal.org a@cyreal.org) with Reserved Font Name \""Strong\"". This Font Software is licensed under the SIL Open Font License, Version 1.1. This license is available with a FAQ at: http://scripts.sil.org/OFL",1
Style Script,OFL-1.1,ofl/stylescript,Robert Leuschke,Copyright 2013 The Style Script Project Authors (https://github.com/googlefonts/style-script),1
Stylish,OFL-1.1,ofl/stylish,AsiaSoft Inc,Copyright (c) 1992-2018 AsiaSoft Inc. Seoul Korea All Rights Reserved.,1
Sue Ellen Francisco,OFL-1.1,ofl/sueellenfrancisco,Kimberly Geswein,"Copyright (c) 2010, Kimberly Geswein (kimberlygeswein.com kimberlygeswein@gmail.com)",1
Suez One,OFL-1.1,ofl/suezone,Michal Sahar,Copyright 2016 Michal Sahar. All rights reserved.,1
Sulphur Point,OFL-1.1,ofl/sulphurpoint,Dale Sattler,Copyright 2019 The Sulphur Point Project Authors (https://github.com/noponies),3
Sumana,OFL-1.1,ofl/sumana,Cyreal,Copyright © 2015 by Cyreal. All rights reserved.,2
Sunflower,OFL-1.1,ofl/sunflower,JIKJISOFT,Copyright 2008 The Sunflower Project Authors,3
Supermercado One,OFL-1.1,ofl/supermercadoone,James Grieshaber,"Copyright (c) 2011, Sorkin Type Co (www.sorkintype.com eben@eyebytes.com) with Reserved Font Name \""Supermercado One\"".",1
Sura,OFL-1.1,ofl/sura,Carolina Giovagnoli,Copyright 2015 by Carolina Giovagnoli. All rights reserved.,2
Suranna,OFL-1.1,ofl/suranna,Purushoth Kumar Guttula,"Copyright (c) 2012 Andhrapradesh Society for Knowledge Networks (fonts.siliconandhra.org). Copyright (c) 2011, Cyreal (www.cyreal.org) with Reserved Font Name \'Prata\'",1
Suravaram,OFL-1.1,ofl/suravaram,Purushoth Kumar Guttula,Copyright (c) 2012 Silicon Andhra (fonts.siliconandhra.org). Copyright (c) 2011 by vernon adams (vern@newtypography.co.uk) with Reserved Font Name \'Tienne\',1
SUSE,OFL-1.1,ofl/suse,René Bieder,Copyright 2025 The SUSE Project Authors (https://github.com/SUSE/suse-font),2
SUSE Mono,OFL-1.1,ofl/susemono,René Bieder,Copyright 2025 The SUSE Project Authors (https://github.com/SUSE/suse-font),2
Suwannaphum,OFL-1.1,ofl/suwannaphum,Danh Hong,Copyright 2019 The Suwannaphum Project Authors (https://github.com/danhhong/Suwannaphum),5
Swanky and Moo Moo,OFL-1.1,ofl/swankyandmoomoo,Kimberly Geswein,"Copyright (c) 2010, Kimberly Geswein (kimberlygeswein.com kimberlygeswein@gmail.com)",1
Syne,OFL-1.1,ofl/syne,"Bonjour Monde, Lucas Descroix, George Triantafyllakos",Copyright 2019 The Syne Project Authors (https://gitlab.com/bonjour-monde/fonderie/syne-typeface),1
Syne Mono,OFL-1.1,ofl/synemono,"Bonjour Monde, Lucas Descroix",Copyright 2019 The Syne Project Authors (https://gitlab.com/bonjour-monde/fonderie/syne-typeface),1
Syne Tactile,OFL-1.1,ofl/synetactile,"Bonjour Monde, Lucas Descroix",Copyright 2019 The Syne Project Authors (https://gitlab.com/bonjour-monde/fonderie/syne-typeface),1
Tac One,OFL-1.1,ofl/tacone,"Afrotype, Seyi Olusanya, Eyiyemi Adegbite, David Udoh, Mirko Velimirović",Copyright 2024 The Tac One Project Authors (https://github.com/Afrotype/tac),1
Tagesschrift,OFL-1.1,ofl/tagesschrift,Yanone,Copyright 2024 The Tagesschrift Project Authors (https://github.com/yanone/tagesschrift),1
Tai Heritage Pro,OFL-1.1,ofl/taiheritagepro,SIL International,"Copyright (c) 1995-2017, SIL International (www.sil.org)",2
Tajawal,OFL-1.1,ofl/tajawal,"Boutros Fonts, Mourad Boutros, Soulaf Khalifeh",(c) 2017 by Boutros International. All rights reserved.,7
Tangerine,OFL-1.1,ofl/tangerine,Toshi Omagari,Copyright (c) 2010 by Toshi Omagari. All rights reserved.,2
Tapestry,OFL-1.1,ofl/tapestry,Robert Leuschke,Copyright 2003-2021 The Tapestry Project Authors (https://github.com/googlefonts/tapestry),1
Taprom,OFL-1.1,ofl/taprom,"Danh Hong, Neapolitan",Copyright 2019 The Taprom Project Authors (https://github.com/danhhong/Taprom),1
TASA Explorer,OFL-1.1,ofl/tasaexplorer,"Local Remote, Weizhong Zhang",Copyright 2022-2025 The TASA Typeface Collection Project Authors (https://github.com/localremotetw/TASA-Typeface-Collection),1
TASA Orbiter,OFL-1.1,ofl/tasaorbiter,"Local Remote, Weizhong Zhang",Copyright 2022-2025 The TASA Typeface Collection Project Authors (https://github.com/localremotetw/TASA-Typeface-Collection),1
Tauri,OFL-1.1,ofl/tauri,Yvonne Schüttler,"Copyright (c) 2011, Sorkin Type Co (www.sorkintype.com eben@eyebytes.com) with Reserved Font Name \'Tauri\'.",1
Taviraj,OFL-1.1,ofl/taviraj,Cadson Demak,"Copyright (c) 2015, Cadson Demak (info@cadsondemak.com)",18
Teachers,OFL-1.1,ofl/teachers,"Alfredo Marco Pradil, Chank Diesel",Copyright 2023 The Teachers Project Authors (https://github.com/chankfonts/Teachers-fonts),2
Teko,OFL-1.1,ofl/teko,Indian Type Foundry,Copyright 2023 The Teko Project Authors (https://www.github.com/googlefonts/teko),1
Tektur,OFL-1.1,ofl/tektur,Adam Jagosz,Copyright 2023 The Tektur Project Authors (https://www.github.com/hyvyys/Tektur),1
Telex,OFL-1.1,ofl/telex,"HT Fonts, Andres Torresi","Copyright 2011 The Telex Project Authors (andres.torresi@htfonts.com), with Reserved Font Name Telex.",1
Tenali Ramakrishna,OFL-1.1,ofl/tenaliramakrishna,Appaji Ambarisha Darbha,"Copyright (c) 2012 Andhrapradesh Society for Knowledge Networks (fonts.siliconandhra.org). Copyright (c) 2011, Wojciech Kalinowski (wmk69@o2.pl), with Reserved Font Names \'Classica\'",1
Tenor Sans,OFL-1.1,ofl/tenorsans,Denis Masharov,"Copyright (c) 2010, 2011, Denis Masharov <denis.masharov@gmail.com>. This Font Software is licensed under the SIL Open Font License, Version 1.1. This license is available with a FAQ at: http://scripts.sil.org/OFL",1
Text Me One,OFL-1.1,ofl/textmeone,Julia Petretta,"Copyright (c) 2012, Julia Petretta (julia.petretta@googlemail.com), with Reserved Font Name \'Text Me\'",1
Texturina,OFL-1.1,ofl/texturina,"Guillermo Torres, Omnibus-Type",Copyright 2020 The Texturina Project Authors (https://github.com/Omnibus-Type/Texturina),2
Thabit,OFL-1.1,ofl/thabit,Khaled Hosny,"Typeface and data (C) 2002-2008, Khaled Hosny (khaledhosny@eglug.org). This font is distributed under the terms of OFL license. Latin glyphs are Copyright (c) IBM Corporation 1990,1991.",4
tharlon,OFL-1.1,ofl/tharlon,,"Copyright (c) 2010-2012, Sai Zin Di Di Zone (www.yunghkio.com/unicode|saiddzone@gmail.com), with Reserved Font Name 'Yunghkio'. Copyright (c) 2012, Google, Inc (http://code.google.com/p/googlefontdirectory/), with Reserved Font Name 'Arimo'. Copyright (c) 2012, Sun Tun, Ngwe Tun, Solveware Solution (http://code.google.com/p/tharlon-font|info@parabaik.info), with Reserved Font Name 'TharLon'.",1
Thasadith,OFL-1.1,ofl/thasadith,Cadson Demak,Copyright 2018 The Thasadith Project Authors (https://github.com/cadsondemak/Thasadith),4
The Girl Next Door,OFL-1.1,ofl/thegirlnextdoor,Kimberly Geswein,"Copyright (c) 2010, Kimberly Geswein (kimberlygeswein.com kimberlygeswein@gmail.com)",1
The Nautigal,OFL-1.1,ofl/thenautigal,Robert Leuschke,Copyright 2013-2021 The The Nautigal Project Authors (https://github.com/googlefonts/the-nautigal),2
Tienne,OFL-1.1,ofl/tienne,Vernon Adams,"Copyright (c) 2011, Vernon Adams (vern@newtypography.co.uk) with Reserved Font Names \'Tienne\'",3
TikTok Sans,OFL-1.1,ofl/tiktoksans,"Grilli Type, Contrast Foundry, Type Network",Copyright 2024 TikTok Inc. (https://github.com/tiktok/TikTokSans),1
Tillana,OFL-1.1,ofl/tillana,Indian Type Foundry,Copyright (c) 2014 Indian Type Foundry (info@indiantypefoundry.com),5
Tilt Neon,OFL-1.1,ofl/tiltneon,Andy Clymer,Copyright 2019 The Tilt Project Authors (https://github.com/googlefonts/Tilt-Fonts),1
Tilt Prism,OFL-1.1,ofl/tiltprism,Andy Clymer,Copyright 2019 The Tilt Project Authors (https://github.com/googlefonts/Tilt-Fonts),1
Tilt Warp,OFL-1.1,ofl/tiltwarp,Andy Clymer,Copyright 2019 The Tilt Project Authors (https://github.com/googlefonts/Tilt-Fonts),1
Timmana,OFL-1.1,ofl/timmana,Appaji Ambarisha Darbha,"Copyright (c) 2012 Andhrapradesh Society for Knowledge Networks (fonts.siliconandhra.org). Copyright (c) 2011, Sergiy Tkachenko (www.4thfebruary.com.ua info@4thfebruary.com.ua), with Reserved Font Names \'Sansus\', \'Webissimo\'.",1
Tinos,OFL-1.1,ofl/tinos,Steve Matteson,Copyright 2026 The Tinos Project Authors (https://github.com/googlefonts/tinos),4
Tiny5,OFL-1.1,ofl/tiny5,Stefan Schmidt,Copyright 2022-2024 The Tiny5 Project Authors (https://github.com/Gissio/font_tiny5),1
Tiro Bangla,OFL-1.1,ofl/tirobangla,"Tiro Typeworks, John Hudson, Fiona Ross, Neelakash Kshetrimayum",Copyright 2020 The Indigo Project Authors (https://github.com/TiroTypeworks/Indigo),2
Tiro Devanagari Hindi,OFL-1.1,ofl/tirodevanagarihindi,"Tiro Typeworks, John Hudson, Fiona Ross, Paul Hanslow",Copyright 2020 The Indigo Project Authors (https://github.com/TiroTypeworks/Indigo),2
Tiro Devanagari Marathi,OFL-1.1,ofl/tirodevanagarimarathi,"Tiro Typeworks, John Hudson, Fiona Ross, Paul Hanslow",Copyright 2020 The Indigo Project Authors (https://github.com/TiroTypeworks/Indigo),2
Tiro Devanagari Sanskrit,OFL-1.1,ofl/tirodevanagarisanskrit,"Tiro Typeworks, John Hudson, Fiona Ross, Paul Hanslow",Copyright 2020 The Indigo Project Authors (https://github.com/TiroTypeworks/Indigo),2
Tiro Gurmukhi,OFL-1.1,ofl/tirogurmukhi,"Tiro Typeworks, John Hudson, Fiona Ross, Paul Hanslow",Copyright 2020 The Indigo Project Authors (https://github.com/TiroTypeworks/Indigo),2
Tiro Kannada,OFL-1.1,ofl/tirokannada,"Tiro Typeworks, John Hudson, Fiona Ross, Kaja Słojewska",Copyright 2020 The Indigo Project Authors (https://github.com/TiroTypeworks/Indigo),2
Tiro Tamil,OFL-1.1,ofl/tirotamil,"Tiro Typeworks, Fernando Mello, Fiona Ross, Kaja Słojewska",Copyright 2020 The Indigo Project Authors (https://github.com/TiroTypeworks/Indigo),2
Tiro Telugu,OFL-1.1,ofl/tirotelugu,"Tiro Typeworks, John Hudson, Fiona Ross, Kaja Słojewska",Copyright 2020 The Indigo Project Authors (https://github.com/TiroTypeworks/Indigo),2
Tirra,OFL-1.1,ofl/tirra,SIL International,"Copyright (c) 2010-2025, SIL Global (https://scripts.sil.org), with Reserved Font Name \""Tirra\"", copyright 2010-2019 Adobe (http://www.adobe.com/), with Reserved Font Name \""Source\"" (Latin glyphs).",6
Titan One,OFL-1.1,ofl/titanone,Rodrigo Fuenzalida,"Copyright (c) 2011 Rodrigo Fuenzalida (hello@rfuenzalida.com), with Reserved Font Name \""Titan One\""",1
Titillium Web,OFL-1.1,ofl/titilliumweb,Accademia di Belle Arti di Urbino,Copyright (c) 2009-2011 by Accademia di Belle Arti di Urbino and students of MA course of Visual design. Some rights reserved.,11
Tomorrow,OFL-1.1,ofl/tomorrow,"Tony de Marco, Monica Rizzolli",Copyright 2019 The Tomorrow Project Authors (https://github.com/MonicaRizzolli/Tomorrow),18
Tourney,OFL-1.1,ofl/tourney,"Tyler Finck, ETC",Copyright 2020 The Tourney Project Authors (https://github.com/Etcetera-Type-Co/Tourney),2
Trade Winds,OFL-1.1,ofl/tradewinds,Sideshow,"Copyright (c) 2011 by Font Diner, Inc DBA Sideshow (diner@fontdiner.com) with Reserved Font Name \""Trade Winds\""",1
Train One,OFL-1.1,ofl/trainone,Fontworks Inc.,Copyright 2020 The Train Project Authors (https://github.com/fontworks-fonts/Train/),1
Triodion,OFL-1.1,ofl/triodion,Aleksandr Andreev,Copyright 2025 The Triodion Project Authors (https://github.com/slavonic/Triodion).,1
Trirong,OFL-1.1,ofl/trirong,Cadson Demak,"Copyright (c) 2015, Cadson Demak (info@cadsondemak.com)",18
Trispace,OFL-1.1,ofl/trispace,"Tyler Finck, ETC",Copyright 2020 The Trispace Project Authors (https://github.com/Etcetera-Type-Co/Trispace),1
Trocchi,OFL-1.1,ofl/trocchi,Vernon Adams,Copyright 2012 The Trocchi Project Authors (https://github.com/m4rc1e/Trocchi),1
Trochut,OFL-1.1,ofl/trochut,Andreu Balius,"Copyright (c) 2011, Andreu Balius (www.andreubalius.com|mail@andreubalius.com), with Reserved Font Name Trochut",3
Truculenta,OFL-1.1,ofl/truculenta,Omnibus-Type,Copyright 2020 The Truculenta Project Authors (https://github.com/Omnibus-Type/Truculenta),1
Trykker,OFL-1.1,ofl/trykker,Magnus Gaarde,"Copyright (c) 2011, Sorkin Type Co (www.sorkintype.com eben@eyebytes.com) with Reserved Font Name \""Trykker\"".",1
Tsukimi Rounded,OFL-1.1,ofl/tsukimirounded,Takashi Funayama,"Copyright 2020 The Tsukimi Rounded Project Authors (https://github.com/mt-funa/Tsukimi-Rounded), all rights reserved.",5
Tuffy,OFL-1.1,ofl/tuffy,Thatcher Ulrich,"Copyright (c) 2011, Thatcher Ulrich (http://tulrich.com tu@tulrich.com), Karoly Barta (brtkr@freemail.hu), Michael Everson (http://www.evertype.com everson@evertype.com), with Reserved Font Name \""Tuffy\""",4
Tulpen One,OFL-1.1,ofl/tulpenone,Naima Ben Ayed,"Copyright (c) 2011, Naima Ben Ayed (naima.benayed@gmail.com), with Reserved Font Names \""Tulpen\"" and \""Tulpen One\"".",1
Turret Road,OFL-1.1,ofl/turretroad,Dale Sattler,Copyright 2018 The Turret Road Project Authors (https://github.com/noponies/turret-road),6
Twinkle Star,OFL-1.1,ofl/twinklestar,Robert Leuschke,Copyright 2003 The Twinkle Star Project Authors (https://github.com/googlefonts/twinkle-star),1
Uchen,OFL-1.1,ofl/uchen,Christopher J. Fynn,Font designed by Christopher J. Fynn. Copyright © 2010 by Dzongkha Development Commission.,1
Unbounded,OFL-1.1,ofl/unbounded,NaN,Copyright 2022 The Unbounded Project Authors (https://github.com/googlefonts/unbounded),1
Uncial Antiqua,OFL-1.1,ofl/uncialantiqua,Astigmatic,"Copyright (c) 2011 by Brian J. Bonislawsky DBA Astigmatic (AOETI) (astigma@astigmatic.com), with Reserved Font Name \""Uncial Antiqua\""",1
Underdog,OFL-1.1,ofl/underdog,"Sergey Steblina, Jovanny Lemonad","Copyright (c) 2012, Sergey Steblina (sergey@steblina.com), Jovanny Lemonad (lemonad@jovanny.ru), with Reserved Font Name \'Underdog\'",1
Unica One,OFL-1.1,ofl/unicaone,Eduardo Tunni,Copyright 2012 The Unica One Project Authors (https://github.com/etunni/unica),1
UnifrakturCook,OFL-1.1,ofl/unifrakturcook,j. \'mach\' wust,"Copyright (c) 2010 j. \'mach\' wust (j.mach.wust@gmail.com) with Reserved Font Name UnifrakturCook. Copyright (c) 2009 Peter Wiegel (wiegel@peter-wiegel.de). This Font Software is licensed under the SIL Open Font License, Version 1.1.",1
UnifrakturMaguntia,OFL-1.1,ofl/unifrakturmaguntia,j. \'mach\' wust,"Copyright (c) 2010 j. \'mach\' wust (j.mach.wust@gmail.com) with Reserved Font Name UnifrakturMaguntia. Copyright (c) 2009 Peter Wiegel (wiegel@peter-wiegel.de). This Font Software is licensed under the SIL Open Font License, Version 1.1.",1
Unlock,OFL-1.1,ofl/unlock,Eduardo Tunni,"Copyright 2011 The Unlock Project Authors (https://github.com/etunni/unlock), with Reserved Font Name \'Unlock\'",1
Unna,OFL-1.1,ofl/unna,Omnibus-Type,Copyright 2016 The Unna Project Authors (omnibus.type@gmail.com),4
UoqMunThenKhung,OFL-1.1,ofl/uoqmunthenkhung,Moonlit Owen,Copyright 2025 The UoqMunThenKhung Project Authors (https://github.com/MoonlitOwen/ThenKhung),1
Updock,OFL-1.1,ofl/updock,Robert Leuschke,Copyright 1991-2021 The Up Dock Project Authors (https://github.com/googlefonts/updock),1
Urbanist,OFL-1.1,ofl/urbanist,Corey Hu,Copyright 2021 The Urbanist Project Authors (https://github.com/coreyhu/Urbanist),2
Valley Sans,OFL-1.1,ofl/valleysans,"Niklas Ekholm, Lari Mörö",Copyright 2026 The Valley Sans Project Authors (https://github.com/HelsinkiTypeStudio/valley-sans),2
Vampiro One,OFL-1.1,ofl/vampiroone,Riccardo De Franceschi,"Copyright (c) 2012, Sorkin Type Co (www.sorkintype.com eben@eyebytes.com) with Reserved Font Name \'Vampiro\'.",1
Varela,OFL-1.1,ofl/varela,Joe Prince,Copyright (c) 2011 by Admix Designs (joe@admixdesigns.com). All rights reserved.,1
Varela Round,OFL-1.1,ofl/varelaround,Joe Prince,"Copyright 2023 The Varela Round Project Authors (https://github.com/alefalefalef/Varela-Round-Hebrew/), with Reserved Font Names Varela and Varela Round.",1
Varta,OFL-1.1,ofl/varta,"Joana Correia, Viktoriya Grabowska, Eben Sorkin",Copyright 2019 The Varta Project Authors (https://github.com/SorkinType/Varta),1
Vast Shadow,OFL-1.1,ofl/vastshadow,Nicole Fally,"Copyright (c) 2010 by Sorkin Type Co (eben@eyebytes.com) with Reserved Font Name Vast and Vast Shadow. This Font Software is licensed under the SIL Open Font License, Version 1.1. This license is copied below, and is also available with a FAQ at: http://scripts.sil.org/OFL",1
Vazirmatn,OFL-1.1,ofl/vazirmatn,Saber Rastikerdar,Copyright 2015 The Vazirmatn Project Authors (https://github.com/rastikerdar/vazirmatn),1
Vend Sans,OFL-1.1,ofl/vendsans,"Bloom Type Foundry, Baptiste Guesnon",Copyright 2025 The Vend Sans Project Authors (https://github.com/ktkm/Vend-Sans),2
Vesper Libre,OFL-1.1,ofl/vesperlibre,Mota Italic,"Copyright (c) 2007, Robert Keller (www.motaitalic.com)",4
Viaoda Libre,OFL-1.1,ofl/viaodalibre,"Gydient, ViệtAnh Nguyễn",Copyright 2020 The Viaodalibre Project Authors (https://github.com/bettergui/ViaodaLibre),1
Vibes,OFL-1.1,ofl/vibes,AbdElmomen Kadhim (blueMix),Copyright 2019 The Vibes Project Authors (https://github.com/bluemix/vibes-typeface),1
Vibur,OFL-1.1,ofl/vibur,Johan Kallas,"Copyright (c) 2010, Johan Kallas (johan.kallas@gmail.com). All rights reserved. Licenced under SIL OFL v1.1",1
Victor Mono,OFL-1.1,ofl/victormono,Rune Bjørnerås,Copyright 2023 The Victor Mono Project Authors (https://github.com/rubjo/victor-mono-font),2
Vidaloka,OFL-1.1,ofl/vidaloka,Cyreal,"Copyright (c) 2011, Cyreal (www.cyreal.org a@cyreal.org) with Reserved Font Name \""Vidaloka\"".",1
Viga,OFL-1.1,ofl/viga,Fontstage,"Copyright (c) 2011 Fontstage (info@fontstage.com), with Reserved Font Name \""Viga\""",1
Vina Sans,OFL-1.1,ofl/vinasans,Nguyen Type,Copyright 2023 The Vina Sans Project Authors (https://github.com/nguyentype/vinasans),1
Voces,OFL-1.1,ofl/voces,"Ana Paula Megda, Pablo Ugerman","Copyright 2012 The Voces Project Authors (https://github.com/googlefonts/VocesFont), with Reserved Font Names \""Voces\"", \""Voceso Pro\"", \""Voces UGR\""",1
Volkhov,OFL-1.1,ofl/volkhov,Cyreal,"Copyright (c) 2011, Cyreal (www.cyreal.org a@cyreal.org) with Reserved Font Name \""Volkhov\"" and \""Volkhov Regular\"". This Font Software is licensed under the SIL Open Font License, Version 1.1. This license is available with a FAQ at: http://scripts.sil.org/OFL",4
Vollkorn,OFL-1.1,ofl/vollkorn,Friedrich Althausen,Copyright 2018 The Vollkorn Project Authors (https://github.com/FAlthausen/Vollkorn-Typeface),2
Vollkorn SC,OFL-1.1,ofl/vollkornsc,Friedrich Althausen,Copyright 2017 The Vollkorn Project Authors (https://github.com/FAlthausen/Vollkorn-Typeface),4
Voltaire,OFL-1.1,ofl/voltaire,Yvonne Schüttler,Copyright 2011 The Voltaire Project Authors (https://github.com/SorkinType/Voltaire),1
VT323,OFL-1.1,ofl/vt323,Peter Hull,"Copyright 2011, The VT323 Project Authors (peter.hull@oikoi.com)",1
Vujahday Script,OFL-1.1,ofl/vujahdayscript,Robert Leuschke,Copyright 2003 The Vujahday Script Project Authors (https://github.com/googlefonts/vujahday),1
Waiting for the Sunrise,OFL-1.1,ofl/waitingforthesunrise,Kimberly Geswein,"Copyright (c) 2010, Kimberly Geswein (kimberlygeswein.com kimberlygeswein@gmail.com)",1
Wallpoet,OFL-1.1,ofl/wallpoet,Lars Berggren,Copyright (c) 2011 by Lars Berggren (punktlars@gmail.com). All rights reserved.,1
Warnes,OFL-1.1,ofl/warnes,Eduardo Tunni,"Copyright 2012 The Warnes Project Authors (https://github.com/etunni/warnes), with Reserved Font Name \'Warnes\'",1
Water Brush,OFL-1.1,ofl/waterbrush,Robert Leuschke,Copyright 2004-2021 The Water Brush Project Authors (https://github.com/googlefonts/water-brush),1
Waterfall,OFL-1.1,ofl/waterfall,Robert Leuschke,Copyright 2011 The Waterfall Project Authors (https://github.com/googlefonts/waterfall),1
Wavefont,OFL-1.1,ofl/wavefont,Dmitry Ivanov,Copyright 2022 The Wavefont Project Authors (https://github.com/dy/wavefont),1
WDXL Lubrifont JP N,OFL-1.1,ofl/wdxllubrifontjpn,NightFurySL2001,Copyright 2025 The WDXL Lubrifont Project Authors (https://github.com/NightFurySL2001/WD-XL-font),1
WDXL Lubrifont SC,OFL-1.1,ofl/wdxllubrifontsc,NightFurySL2001,Copyright 2025 The WDXL Lubrifont Project Authors (https://github.com/NightFurySL2001/WD-XL-font),1
WDXL Lubrifont TC,OFL-1.1,ofl/wdxllubrifonttc,NightFurySL2001,Copyright 2025 The WDXL Lubrifont Project Authors (https://github.com/NightFurySL2001/WD-XL-font),1
Wellfleet,OFL-1.1,ofl/wellfleet,Riccardo De Franceschi,"Copyright (c) 2011, Sorkin Type Co (www.sorkintype.com eben@eyebytes.com), with Reserved Font Name Wellfleet",1
Wendy One,OFL-1.1,ofl/wendyone,Alejandro Inler,"Copyright (c) 2012, Alejandro Inler (alejandroinler@gmail.com), with Reserved Font Name \'Wendy\'",1
Whisper,OFL-1.1,ofl/whisper,Robert Leuschke,Copyright 1993-2022 The Whisper Project Authors (https://github.com/googlefonts/whisper),1
WindSong,OFL-1.1,ofl/windsong,Robert Leuschke,Copyright 2013 The WindSong Project Authors (https://github.com/googlefonts/windsong),2
Winky Rough,OFL-1.1,ofl/winkyrough,Typofactur,Copyright 2024 The Winky Rough Project Authors (https://github.com/typofactur/winkyrough),2
Winky Sans,OFL-1.1,ofl/winkysans,Typofactur,Copyright 2024 The Winky Sans Project Authors (https://github.com/typofactur/winkysans.),2
Wire One,OFL-1.1,ofl/wireone,Cyreal,Copyright 2011 The Wire One Project Authors (https://github.com/cyrealtype/Wire-One),1
Wittgenstein,OFL-1.1,ofl/wittgenstein,Jörg Drees,Copyright 2024 The Wittgenstein Project Authors (https://github.com/jrgdrs/Wittgenstein),2
Wix Madefor Display,OFL-1.1,ofl/wixmadefordisplay,Dalton Maag,Copyright 2021 The Wix Madefor Project Authors (https://github.com/wix/wixmadefor/),1
Wix Madefor Text,OFL-1.1,ofl/wixmadefortext,Dalton Maag,Copyright 2021 The Wix Madefor Project Authors (https://github.com/wix/wixmadefor/),12
Workbench,OFL-1.1,ofl/workbench,Jens Kutílek,Copyright 2021 The Workbench Project Authors (https://github.com/jenskutilek/homecomputer-fonts),1
Work Sans,OFL-1.1,ofl/worksans,Wei Huang,Copyright 2019 The Work Sans Project Authors (https://github.com/weiweihuanghuang/Work-Sans),2
Xanh Mono,OFL-1.1,ofl/xanhmono,"Yellow Type, Lâm Bảo, Duy Dao",Copyright 2020 The XanhMono Project Authors (https://github.com/yellow-type-foundry/xanhmono),2
Yaldevi,OFL-1.1,ofl/yaldevi,Mooniak,Copyright 2021 The Yaldevi Project Authors (https://github.com/mooniak/yaldevi-font),1
Yaldevi Colombo,OFL-1.1,ofl/yaldevicolombo,Mooniak,Copyright (c) 2015-2016 Mooniak (hello@mooniak.com) Copyright (c) 2015 Sol Matas (sol@sonnenshine.com.ar) ,6
Yanone Kaffeesatz,OFL-1.1,ofl/yanonekaffeesatz,"Yanone, Cyreal",Copyright 2010 The Yanone Kaffeesatz Project Authors (https://github.com/yanone/kaffeesatz),1
Yantramanav,OFL-1.1,ofl/yantramanav,Erin McLaughlin,"Copyright 2014, Erin McLaughlin (hello@erinmclaughlin.com). Copyright 2010, Google Inc. All Rights Reserved.",6
Yarndings 12,OFL-1.1,ofl/yarndings12,Sarah Cadigan-Fried,Copyright 2023 The Soft Type Project Authors (https://github.com/scfried/soft-type-yarndings),1
Yarndings 12 Charted,OFL-1.1,ofl/yarndings12charted,Sarah Cadigan-Fried,Copyright 2023 The Soft Type Project Authors (https://github.com/scfried/soft-type-yarndings),1
Yarndings 20,OFL-1.1,ofl/yarndings20,Sarah Cadigan-Fried,Copyright 2023 The Soft Type Project Authors (https://github.com/scfried/soft-type-yarndings),1
Yarndings 20 Charted,OFL-1.1,ofl/yarndings20charted,Sarah Cadigan-Fried,Copyright 2023 The Soft Type Project Authors (https://github.com/scfried/soft-type-yarndings),1
Yatra One,OFL-1.1,ofl/yatraone,Catherine Leigh Schmidt,Copyright 2014 The Yatra Project Authors.,1
Yeon Sung,OFL-1.1,ofl/yeonsung,Woowahan brothers,Copyright 2018 The Yeon Sung Project Authors,1
Yeseva One,OFL-1.1,ofl/yesevaone,Jovanny Lemonad,"Copyright 2012 The Yeseva One Project Authors (lemonad@jovanny.ru), with Reserved Font Name \""Yeseva\"".",1
Yesteryear,OFL-1.1,ofl/yesteryear,Astigmatic,"Copyright (c) 2011 by Brian J. Bonislawsky DBA Astigmatic (AOETI) (astigma@astigmatic.com), with Reserved Font Name \""Yesteryear\""",1
Yinmar,OFL-1.1,ofl/yinmar,Danh Hong,Copyright 2014 Google Inc. All Rights Reserved.,1
Yomogi,OFL-1.1,ofl/yomogi,Satsuyako,"Copyright 2020 The Yomogi Project Authors (https://github.com/satsuyako/YomogiFont), all rights reserved.",1
Young Serif,OFL-1.1,ofl/youngserif,Bastien Sozeau,Copyright 2023 The Young Serif Project Authors (https://github.com/noirblancrouge/YoungSerif),1
Yrsa,OFL-1.1,ofl/yrsa,"Rosetta, Anna Giedryś, David Březina",Copyright 2015 The Yrsa-Rasa Project Authors (https://github.com/rosettatype/yrsa-rasa/),2
Ysabeau,OFL-1.1,ofl/ysabeau,Christian Thalmann,Copyright 2023 The Ysabeau Project Authors (https://github.com/CatharsisFonts/Ysabeau),2
Ysabeau Infant,OFL-1.1,ofl/ysabeauinfant,Christian Thalmann,Copyright 2023 The Ysabeau Project Authors (https://github.com/CatharsisFonts/Ysabeau),2
Ysabeau Office,OFL-1.1,ofl/ysabeauoffice,Christian Thalmann,Copyright 2023 The Ysabeau Project Authors (https://github.com/CatharsisFonts/Ysabeau),2
Ysabeau SC,OFL-1.1,ofl/ysabeausc,Christian Thalmann,Copyright 2023 The Ysabeau Project Authors (https://github.com/CatharsisFonts/Ysabeau),1
Yuji Boku,OFL-1.1,ofl/yujiboku,Kinuta Font Factory,Copyright 2021 The Yuji Project Authors (https://github.com/Kinutafontfactory/Yuji),1
Yuji Hentaigana Akari,OFL-1.1,ofl/yujihentaiganaakari,Kinuta Font Factory,Copyright 2021 The Yuji Project Authors (https://github.com/Kinutafontfactory/Yuji),1
Yuji Hentaigana Akebono,OFL-1.1,ofl/yujihentaiganaakebono,Kinuta Font Factory,Copyright 2021 The Yuji Project Authors (https://github.com/Kinutafontfactory/Yuji),1
Yuji Mai,OFL-1.1,ofl/yujimai,Kinuta Font Factory,Copyright 2021 The Yuji Project Authors (https://github.com/Kinutafontfactory/Yuji),1
Yuji Syuku,OFL-1.1,ofl/yujisyuku,Kinuta Font Factory,Copyright 2021 The Yuji Project Authors (https://github.com/Kinutafontfactory/Yuji),1
Yusei Magic,OFL-1.1,ofl/yuseimagic,Tanukizamurai,Copyright 2020 The Yusei Magic Project Authors (https://github.com/tanukifont/YuseiMagic),1
Yuyu,OFL-1.1,ofl/yuyu,Julia García López,Copyright 2026 The Yuyu Font Project Authors (https://github.com/JuliaGarciaLopez/Yuyu-Font),1
Yuyu Short,OFL-1.1,ofl/yuyushort,Julia García López,Copyright 2026 The Yuyu Font Project Authors (https://github.com/JuliaGarciaLopez/Yuyu-Font),1
Zain,OFL-1.1,ofl/zain,Boutros Fonts,Copyright 2024 The Zain Project Authors (https://github.com/googlefonts/zain),8
Zalando Sans,OFL-1.1,ofl/zalandosans,"Jakob Ekelund, KH Type, Zalando",Copyright 2025 The Zalando Sans Project Authors (https://github.com/zalando/sans),2
Zalando Sans Expanded,OFL-1.1,ofl/zalandosansexpanded,"Jakob Ekelund, KH Type, Zalando",Copyright 2025 The Zalando Sans Expanded Project Authors (https://github.com/zalando/sans),2
Zalando Sans SemiExpanded,OFL-1.1,ofl/zalandosanssemiexpanded,"Jakob Ekelund, KH Type, Zalando",Copyright 2025 The Zalando Sans SemiExpanded Project Authors (https://github.com/zalando/sans),2
ZCOOL KuaiLe,OFL-1.1,ofl/zcoolkuaile,"Liu Bingke, Yang Kang, Wu Shaojie",Copyright 2018 The ZCOOL KuaiLe Project Authors (https://github.com/googlefonts/zcool-kuaile),1
ZCOOL QingKe HuangYou,OFL-1.1,ofl/zcoolqingkehuangyou,Zheng Qingke,Copyright 2018 The ZCOOL QingKe HuangYou Project Authors (https://www.github.com/googlefonts/zcool-qingke-huangyou),1
ZCOOL XiaoWei,OFL-1.1,ofl/zcoolxiaowei,Li Dawei,Copyright 2018 The ZCOOL XiaoWei Project Authors (https://www.github.com/googlefonts/xiaowei),1
Zen Antique,OFL-1.1,ofl/zenantique,Yoshimichi Ohira,Copyright 2021 The Zen Antique Project Authors (https://github.com/googlefonts/zen-antique),1
Zen Antique Soft,OFL-1.1,ofl/zenantiquesoft,Yoshimichi Ohira,Copyright 2021 The Zen Antique Project Authors (https://github.com/googlefonts/zen-antique),1
Zen Dots,OFL-1.1,ofl/zendots,Yoshimichi Ohira,Copyright 2021 The Dots Project Authors (https://github.com/googlefonts/zen-dots),1
Zen Kaku Gothic Antique,OFL-1.1,ofl/zenkakugothicantique,Yoshimichi Ohira,Copyright 2022 The Zen Project Authors (https://github.com/googlefonts/zen-kakugothic),5
Zen Kaku Gothic New,OFL-1.1,ofl/zenkakugothicnew,Yoshimichi Ohira,Copyright 2022 The Zen Project Authors (https://github.com/googlefonts/zen-kakugothic),5
Zen Kurenaido,OFL-1.1,ofl/zenkurenaido,Yoshimichi Ohira,Copyright 2021 The Zen Kurenaido Project Authors (https://github.com/googlefonts/zen-kurenaido),1
Zen Loop,OFL-1.1,ofl/zenloop,Yoshimichi Ohira,Copyright 2021 The Zen-Loop Project Authors (https://github.com/googlefonts/zen-loop),2
Zen Maru Gothic,OFL-1.1,ofl/zenmarugothic,Yoshimichi Ohira,Copyright 2021 The Zen Maru Gothic Authors (https://github.com/googlefonts/zen-marugothic),5
Zen Old Mincho,OFL-1.1,ofl/zenoldmincho,Yoshimichi Ohira,Copyright 2021 The Zen Old Mincho Project Authors (https://github.com/googlefonts/zen-oldmincho),5
Zen Tokyo Zoo,OFL-1.1,ofl/zentokyozoo,Yoshimichi Ohira,Copyright 2021 The Zen Tokyo Zoo Project Authors (https://github.com/googlefonts/zen-tokyo-zoo),1
Zeyada,OFL-1.1,ofl/zeyada,Kimberly Geswein,"Copyright (c) 2010, Kimberly Geswein (kimberlygeswein.com kimberlygeswein@gmail.com)",1
Zhi Mang Xing,OFL-1.1,ofl/zhimangxing,Wei Zhimang,Copyright 2018 The ZhiMangXing Project Authors (https://github.com/googlefonts/zhimangxing),1
Zilla Slab,OFL-1.1,ofl/zillaslab,Typotheque,"Copyright 2017, The Mozilla Foundation",10
Zilla Slab Highlight,OFL-1.1,ofl/zillaslabhighlight,Typotheque,"Copyright 2017, The Mozilla Foundation",2
Aclonica,Apache-2.0,apache/aclonica,Astigmatic,Copyright (c) 2010 Brian J. Bonislawsky (astigma@astigmatic.com),1
Calligraffitti,Apache-2.0,apache/calligraffitti,Open Window,Copyright (c) 2010 by Open Window. All rights reserved.,1
Cherry Cream Soda,Apache-2.0,apache/cherrycreamsoda,Font Diner,"Copyright (c) 2010 by Font Diner, Inc. All rights reserved.",1
Chewy,Apache-2.0,apache/chewy,Sideshow,"Copyright (c) 2010 by Font Diner, Inc DBA Sideshow. All rights reserved.",1
Coming Soon,Apache-2.0,apache/comingsoon,Open Window,Copyright (c) 2010 by Open Window. All rights reserved.,1
Crafty Girls,Apache-2.0,apache/craftygirls,Tart Workshop,"Copyright (c) 2010 by Font Diner, Inc DBA Tart Workshop. All rights reserved.",1
Creepster Caps,Apache-2.0,apache/creepstercaps,Sideshow,"Copyright (c) 2010 by Font Diner, Inc DBA Sideshow (diner@fontdiner.com). All rights reserved.",1
Crushed,Apache-2.0,apache/crushed,Astigmatic,Copyright (c) 2010 by Brian J. Bonislawsky DBA Astigmatic (AOETI). All rights reserved. Available under the Apache 2.0 licence. http://www.apache.org/licenses/LICENSE-2.0.html,1
Fontdiner Swanky,Apache-2.0,apache/fontdinerswanky,Font Diner,"Copyright (c) 2010 by Font Diner, Inc. All rights reserved.",1
Homemade Apple,Apache-2.0,apache/homemadeapple,Font Diner,"Copyright (c) 2010 by Font Diner, Inc. All rights reserved.",1
Irish Grover,Apache-2.0,apache/irishgrover,Sideshow,"Copyright (c) 2010 by Font Diner, Inc DBA Sideshow. All rights reserved.",1
jsMath cmbx10,Apache-2.0,apache/jsmathcmbx10,Donald Knuth,"Generated from MetaFont bitmap by mftrace 1.0.33, http://www.cs.uu.nl/~hanwen/mftrace/",1
jsMath cmex10,Apache-2.0,apache/jsmathcmex10,Donald Knuth,"Generated from MetaFont bitmap by mftrace 1.0.33, http://www.cs.uu.nl/~hanwen/mftrace/",1
jsMath cmmi10,Apache-2.0,apache/jsmathcmmi10,Donald Knuth,"Generated from MetaFont bitmap by mftrace 1.0.33, http://www.cs.uu.nl/~hanwen/mftrace/",1
jsMath cmr10,Apache-2.0,apache/jsmathcmr10,Donald Knuth,"Generated from MetaFont bitmap by mftrace 1.0.33, http://www.cs.uu.nl/~hanwen/mftrace/",1
jsMath cmsy10,Apache-2.0,apache/jsmathcmsy10,Donald Knuth,"Generated from MetaFont bitmap by mftrace 1.0.33, http://www.cs.uu.nl/~hanwen/mftrace/",1
jsMath cmti10,Apache-2.0,apache/jsmathcmti10,Donald Knuth,"Generated from MetaFont bitmap by mftrace 1.0.33, http://www.cs.uu.nl/~hanwen/mftrace/",1
Just Another Hand,Apache-2.0,apache/justanotherhand,Astigmatic,Copyright (c) 2010 by Brian J. Bonislawsky DBA Astigmatic (AOETI). All rights reserved. Available under the Apache 2.0 licence. http://www.apache.org/licenses/LICENSE-2.0.html,1
Kosugi,Apache-2.0,apache/kosugi,MOTOYA,Copyright 2010 The Kosugi Project Authors (https://github.com/googlefonts/kosugi),1
Kosugi Maru,Apache-2.0,apache/kosugimaru,MOTOYA,Copyright 2010 The Kosugi Maru Project Authors (https://github.com/googlefonts/kosugi-maru),1
Kranky,Apache-2.0,apache/kranky,Sideshow,"Copyright (c) 2010 by Font Diner, Inc DBA Sideshow. All rights reserved.",1
Luckiest Guy,Apache-2.0,apache/luckiestguy,Astigmatic,Copyright (c) 2010 by Brian J. Bonislawsky DBA Astigmatic (AOETI). All rights reserved. Available under the Apache 2.0 licence. http://www.apache.org/licenses/LICENSE-2.0.html,1
Maiden Orange,Apache-2.0,apache/maidenorange,Astigmatic,Copyright (c) 2010 by Brian J. Bonislawsky DBA Astigmatic (AOETI). All rights reserved. Available under the Apache 2.0 licence. http://www.apache.org/licenses/LICENSE-2.0.html,1
Montez,Apache-2.0,apache/montez,Astigmatic,Copyright (c) 2011 by Brian J. Bonislawsky DBA Astigmatic (AOETI). All rights reserved. Available under the Apache 2.0 licence. http://www.apache.org/licenses/LICENSE-2.0.html,1
Mountains of Christmas,Apache-2.0,apache/mountainsofchristmas,Tart Workshop,"Copyright (c) 2010 2011, Font Diner, Inc DBA Tart Workshop (diner@fontdiner.com) with Reserved Font Name \""Mountains of Christmas\""",2
Open Sans Hebrew,Apache-2.0,apache/opensanshebrew,,"Digitized data copyright (c) 2011, Google Corporation. Copyright (c) 2012, 2013 Yanek Iontef (yanek@netvision.net.il)",8
Open Sans Hebrew Condensed,Apache-2.0,apache/opensanshebrewcondensed,,"Digitized data copyright (c) 2011, Google Corporation. Copyright (c) 2012, 2013 Yanek Iontef (yanek@netvision.net.il)",8
Permanent Marker,Apache-2.0,apache/permanentmarker,Font Diner,"Copyright (c) 2010 by Font Diner, Inc. All rights reserved.",1
Rancho,Apache-2.0,apache/rancho,Sideshow,"Copyright (c) 2011 by Font Diner, Inc. All rights reserved.",1
Redressed,Apache-2.0,apache/redressed,Astigmatic,Copyright (c) 2011 by Brian J. Bonislawsky DBA Astigmatic (AOETI). All rights reserved. Available under the Apache 2.0 licence. http://www.apache.org/licenses/LICENSE-2.0.html,1
Roboto Slab,Apache-2.0,apache/robotoslab,Christian Robertson,Copyright 2018 The Roboto Slab Project Authors (https://github.com/googlefonts/robotoslab),1
Rochester,Apache-2.0,apache/rochester,Sideshow,"Copyright (c) 2010 by Font Diner, Inc DBA Sideshow. All rights reserved. Available under the Apache 2.0 licence. http://www.apache.org/licenses/LICENSE-2.0.html",1
Rock Salt,Apache-2.0,apache/rocksalt,Sideshow,"Copyright (c) 2010 by Font Diner, Inc DBA Sideshow. All rights reserved.",1
Satisfy,Apache-2.0,apache/satisfy,Sideshow,"Copyright (c) 2011 by Font Diner, Inc. All rights reserved.",1
Schoolbell,Apache-2.0,apache/schoolbell,Font Diner,"Copyright (c) 2010 by Font Diner, Inc. All rights reserved.",1
Slackey,Apache-2.0,apache/slackey,Sideshow,"Copyright (c) 2010 by Font Diner, Inc DBA Sideshow. All rights reserved.",1
Smokum,Apache-2.0,apache/smokum,Astigmatic,Copyright (c) 2011 by Brian J. Bonislawsky DBA Astigmatic (AOETI). All rights reserved. Available under the Apache 2.0 licence. http://www.apache.org/licenses/LICENSE-2.0.html,1
Special Elite,Apache-2.0,apache/specialelite,Astigmatic,Copyright (c) 2010 by Brian J. Bonislawsky DBA Astigmatic (AOETI). All rights reserved. Available under the Apache 2.0 licence. http://www.apache.org/licenses/LICENSE-2.0.html,1
Sunshiney,Apache-2.0,apache/sunshiney,Sideshow,"Copyright (c) 2010 by Font Diner, Inc DBA Sideshow. All rights reserved.",1
Syncopate,Apache-2.0,apache/syncopate,Astigmatic,Copyright (c) 2010 by Brian J. Bonislawsky DBA Astigmatic (AOETI). All rights reserved. Available under the Apache 2.0 licence. http://www.apache.org/licenses/LICENSE-2.0.html,2
Ultra,Apache-2.0,apache/ultra,Astigmatic,Copyright (c) 2010 by Brian J. Bonislawsky DBA Astigmatic (AOETI). All rights reserved. Available under the Apache 2.0 licence. http://www.apache.org/licenses/LICENSE-2.0.html,1
Unkempt,Apache-2.0,apache/unkempt,Sideshow,"Copyright (c) 2010 by Font Diner, Inc DBA Sideshow. All rights reserved.",2
Walter Turncoat,Apache-2.0,apache/walterturncoat,Sideshow,"Copyright (c) 2010 by Font Diner, Inc DBA Sideshow. All rights reserved.",1
Yellowtail,Apache-2.0,apache/yellowtail,Astigmatic,Copyright (c) 2011 by Brian J. Bonislawsky DBA Astigmatic (AOETI). All rights reserved. Available under the Apache 2.0 licence. http://www.apache.org/licenses/LICENSE-2.0.html,1
Ubuntu,UFL-1.0,ufl/ubuntu,Dalton Maag,Copyright 2011 Canonical Ltd. Licensed under the Ubuntu Font Licence 1.0,8
Ubuntu Condensed,UFL-1.0,ufl/ubuntucondensed,Dalton Maag,Copyright 2011 Canonical Ltd. Licensed under the Ubuntu Font Licence 1.0,1
Ubuntu Mono,UFL-1.0,ufl/ubuntumono,Dalton Maag,Copyright 2011 Canonical Ltd. Licensed under the Ubuntu Font Licence 1.0,4
Ubuntu Sans,UFL-1.0,ufl/ubuntusans,"Dalton Maag, David Jonathan Ross, Dual Type","Copyright 2011, 2022, 2023 Canonical Ltd. Licensed under the Ubuntu Font Licence 1.0",2
Ubuntu Sans Mono,UFL-1.0,ufl/ubuntusansmono,Dalton Maag,"Copyright 2011, 2022, 2023 Canonical Ltd.  Licensed under the Ubuntu Font Licence 1.0",2
